# Blender 5.1.1
# www.blender.org
mtllib defender_alien1.mtl
o Vert.001
v -0.484679 1.773287 0.297854
v -0.567766 1.814427 0.287669
v -0.644813 1.829485 0.237305
v -0.695176 1.814427 0.160258
v -0.705362 1.773287 0.077172
v -0.672639 1.717089 0.010310
v -0.605777 1.660891 -0.022413
v -0.522691 1.619751 -0.012228
v -0.445644 1.604692 0.038136
v -0.395280 1.619751 0.115183
v -0.385095 1.660890 0.198269
v -0.417817 1.717089 0.265131
v -0.939766 0.958748 0.752941
v -1.030417 0.980542 0.750321
v -1.110234 0.988519 0.702726
v -1.157828 0.980542 0.622910
v -1.160448 0.958748 0.532259
v -1.117391 0.928976 0.455062
v -1.040195 0.899205 0.412005
v -0.949544 0.877410 0.414625
v -0.869727 0.869433 0.462220
v -0.822133 0.877410 0.542036
v -0.819513 0.899205 0.632687
v -0.862569 0.928976 0.709884
v -0.943345 0.012037 0.756519
v -1.036616 0.012037 0.756519
v -1.117391 0.012037 0.709884
v -1.164027 0.012037 0.629109
v -1.164027 0.012037 0.535838
v -1.117391 0.012037 0.455062
v -1.036616 0.012037 0.408427
v -0.943345 0.012037 0.408426
v -0.862570 0.012037 0.455062
v -0.815934 0.012037 0.535837
v -0.815934 0.012037 0.629108
v -0.862569 0.012037 0.709884
v 0.039067 3.211174 0.000000
v 0.039067 3.049470 -0.666085
v 0.039067 2.784746 -0.996867
v 0.039068 2.438867 -1.175884
v 0.039067 2.251678 -1.198922
v 0.039068 2.064490 -1.175884
v 0.039067 1.718611 -0.996867
v 0.039067 1.292183 0.000000
v 0.084699 3.192738 -0.229404
v 0.128576 3.138137 -0.449992
v 0.169014 3.049470 -0.653286
v 0.204458 2.930144 -0.831476
v 0.233547 2.784746 -0.977712
v 0.255161 2.618862 -1.086376
v 0.268471 2.438867 -1.153290
v 0.272965 2.251678 -1.175884
v 0.268471 2.064490 -1.153290
v 0.255161 1.884495 -1.086376
v 0.233547 1.718611 -0.977712
v 0.204458 1.573212 -0.831476
v 0.169014 1.453887 -0.653286
v 0.128576 1.365220 -0.449992
v 0.084699 1.310619 -0.229404
v 0.128576 3.192738 -0.216094
v 0.214646 3.138137 -0.423883
v 0.293967 3.049470 -0.615382
v 0.363493 2.930144 -0.783233
v 0.420552 2.784746 -0.920985
v 0.462950 2.618862 -1.023344
v 0.489059 2.438867 -1.086376
v 0.497875 2.251678 -1.107659
v 0.489059 2.064490 -1.086376
v 0.462950 1.884495 -1.023344
v 0.420552 1.718611 -0.920985
v 0.363493 1.573212 -0.783233
v 0.293967 1.453887 -0.615382
v 0.214646 1.365220 -0.423883
v 0.128576 1.310619 -0.216094
v 0.169014 3.192738 -0.194479
v 0.293967 3.138137 -0.381484
v 0.409124 3.049470 -0.553829
v 0.510061 2.930144 -0.704891
v 0.592897 2.784746 -0.828864
v 0.654450 2.618862 -0.920985
v 0.692354 2.438867 -0.977712
v 0.705153 2.251678 -0.996867
v 0.692354 2.064490 -0.977712
v 0.654450 1.884495 -0.920985
v 0.592897 1.718611 -0.828864
v 0.510061 1.573212 -0.704891
v 0.409124 1.453887 -0.553829
v 0.293967 1.365220 -0.381484
v 0.169014 1.310619 -0.194479
v 0.204458 3.192738 -0.165391
v 0.363493 3.138137 -0.324426
v 0.510061 3.049470 -0.470993
v 0.638528 2.930144 -0.599461
v 0.743959 2.784746 -0.704891
v 0.822301 2.618862 -0.783233
v 0.870543 2.438867 -0.831476
v 0.886833 2.251678 -0.847765
v 0.870543 2.064490 -0.831476
v 0.822301 1.884495 -0.783233
v 0.743959 1.718611 -0.704891
v 0.638528 1.573212 -0.599461
v 0.510061 1.453887 -0.470993
v 0.363493 1.365220 -0.324426
v 0.204458 1.310619 -0.165391
v 0.233546 3.192738 -0.129947
v 0.420552 3.138137 -0.254900
v 0.592897 3.049470 -0.370057
v 0.743959 2.930144 -0.470993
v 0.867932 2.784746 -0.553829
v 0.960052 2.618862 -0.615382
v 1.016780 2.438867 -0.653286
v 1.035934 2.251678 -0.666085
v 1.016780 2.064490 -0.653286
v 0.960052 1.884495 -0.615382
v 0.867932 1.718611 -0.553829
v 0.743959 1.573212 -0.470993
v 0.592897 1.453887 -0.370057
v 0.420552 1.365220 -0.254900
v 0.233546 1.310619 -0.129947
v 0.255161 3.192738 -0.089509
v 0.462950 3.138137 -0.175578
v 0.654450 3.049470 -0.254900
v 0.822301 2.930144 -0.324426
v 0.960052 2.784746 -0.381484
v 1.062411 2.618862 -0.423883
v 1.125443 2.438867 -0.449991
v 1.146726 2.251678 -0.458807
v 1.125443 2.064490 -0.449991
v 1.062411 1.884495 -0.423883
v 0.960052 1.718611 -0.381484
v 0.822301 1.573212 -0.324426
v 0.654450 1.453887 -0.254900
v 0.462950 1.365220 -0.175578
v 0.255161 1.310619 -0.089509
v 0.268471 3.192738 -0.045631
v 0.489059 3.138137 -0.089509
v 0.692354 3.049470 -0.129947
v 0.870543 2.930144 -0.165391
v 1.016780 2.784746 -0.194479
v 1.125443 2.618862 -0.216094
v 1.192358 2.438867 -0.229404
v 1.214952 2.251678 -0.233898
v 1.192358 2.064490 -0.229404
v 1.125443 1.884495 -0.216094
v 1.016780 1.718611 -0.194479
v 0.870543 1.573212 -0.165391
v 0.692354 1.453887 -0.129947
v 0.489059 1.365220 -0.089509
v 0.268471 1.310619 -0.045631
v 0.272965 3.192738 0.000000
v 0.497875 3.138137 0.000000
v 0.705153 3.049470 0.000000
v 0.886833 2.930144 0.000000
v 1.035934 2.784746 0.000000
v 1.146726 2.618862 0.000000
v 1.214952 2.438867 0.000000
v 1.237989 2.251678 0.000000
v 1.214952 2.064490 0.000000
v 1.146726 1.884495 0.000000
v 1.035934 1.718611 0.000000
v 0.886833 1.573212 0.000000
v 0.705153 1.453887 0.000000
v 0.497875 1.365220 0.000000
v 0.272965 1.310619 0.000000
v 0.268471 3.192738 0.045631
v 0.489059 3.138137 0.089509
v 0.692354 3.049470 0.129947
v 0.870543 2.930144 0.165391
v 1.016780 2.784746 0.194479
v 1.125443 2.618862 0.216094
v 1.192358 2.438867 0.229404
v 1.214952 2.251678 0.233898
v 1.192358 2.064490 0.229404
v 1.125443 1.884495 0.216094
v 1.016780 1.718611 0.194479
v 0.870543 1.573212 0.165391
v 0.692354 1.453887 0.129947
v 0.489059 1.365220 0.089509
v 0.268471 1.310619 0.045631
v 0.255161 3.192738 0.089509
v 0.462950 3.138137 0.175578
v 0.654450 3.049470 0.254900
v 0.822301 2.930144 0.324426
v 0.960052 2.784746 0.381484
v 1.062411 2.618862 0.423883
v 1.125443 2.438867 0.449992
v 1.146726 2.251678 0.458808
v 1.125443 2.064490 0.449992
v 1.062411 1.884495 0.423883
v 0.960052 1.718611 0.381484
v 0.822301 1.573212 0.324426
v 0.654450 1.453887 0.254900
v 0.462950 1.365220 0.175578
v 0.255161 1.310619 0.089509
v 0.233546 3.192738 0.129947
v 0.420552 3.138137 0.254900
v 0.592897 3.049470 0.370057
v 0.743959 2.930144 0.470993
v 0.867932 2.784746 0.553830
v 0.960052 2.618862 0.615382
v 1.016780 2.438867 0.653287
v 1.035934 2.251678 0.666085
v 1.016780 2.064490 0.653287
v 0.960052 1.884495 0.615382
v 0.867932 1.718611 0.553830
v 0.743959 1.573212 0.470993
v 0.592897 1.453887 0.370057
v 0.420552 1.365220 0.254900
v 0.233546 1.310619 0.129947
v 0.204458 3.192738 0.165391
v 0.363493 3.138137 0.324426
v 0.510061 3.049470 0.470993
v 0.638528 2.930144 0.599461
v 0.743959 2.784746 0.704891
v 0.822301 2.618862 0.783233
v 0.870543 2.438867 0.831476
v 0.886832 2.251678 0.847766
v 0.870543 2.064490 0.831476
v 0.822301 1.884495 0.783233
v 0.743959 1.718611 0.704891
v 0.638528 1.573212 0.599461
v 0.510061 1.453887 0.470993
v 0.363493 1.365220 0.324426
v 0.204458 1.310619 0.165391
v 0.169014 3.192738 0.194479
v 0.293967 3.138137 0.381485
v 0.409124 3.049470 0.553830
v 0.510061 2.930144 0.704891
v 0.592897 2.784746 0.828864
v 0.654450 2.618862 0.920985
v 0.692354 2.438867 0.977712
v 0.705152 2.251678 0.996867
v 0.692354 2.064490 0.977712
v 0.654450 1.884495 0.920985
v 0.592897 1.718611 0.828864
v 0.510061 1.573212 0.704891
v 0.409124 1.453887 0.553830
v 0.293967 1.365220 0.381485
v 0.169014 1.310619 0.194479
v 0.128576 3.192738 0.216094
v 0.214645 3.138137 0.423883
v 0.293967 3.049470 0.615382
v 0.363493 2.930144 0.783233
v 0.420552 2.784746 0.920985
v 0.462950 2.618862 1.023343
v 0.489059 2.438867 1.086376
v 0.497874 2.251678 1.107659
v 0.489059 2.064490 1.086376
v 0.462950 1.884495 1.023343
v 0.420552 1.718611 0.920985
v 0.363493 1.573212 0.783233
v 0.293967 1.453887 0.615382
v 0.214645 1.365220 0.423883
v 0.128576 1.310619 0.216094
v 0.084699 3.192738 0.229404
v 0.128576 3.138137 0.449992
v 0.169014 3.049470 0.653286
v 0.204458 2.930144 0.831476
v 0.233546 2.784746 0.977712
v 0.255161 2.618862 1.086375
v 0.268471 2.438867 1.153290
v 0.272965 2.251678 1.175884
v 0.268471 2.064490 1.153290
v 0.255161 1.884495 1.086375
v 0.233546 1.718611 0.977712
v 0.204458 1.573212 0.831476
v 0.169014 1.453887 0.653286
v 0.128576 1.365220 0.449992
v 0.084699 1.310619 0.229404
v 0.039067 3.192738 0.233898
v 0.039067 3.138137 0.458807
v 0.039067 3.049470 0.666085
v 0.039068 2.930144 0.847766
v 0.039067 2.784746 0.996867
v 0.039068 2.618862 1.107659
v 0.039067 2.438867 1.175884
v 0.039067 2.251678 1.198921
v 0.039067 2.064490 1.175884
v 0.039068 1.884495 1.107659
v 0.039067 1.718611 0.996867
v 0.039068 1.573212 0.847766
v 0.039067 1.453887 0.666085
v 0.039067 1.365220 0.458807
v 0.039067 1.310619 0.233898
v -0.006564 3.192738 0.229404
v -0.050441 3.138137 0.449992
v -0.090879 3.049470 0.653286
v -0.126323 2.930144 0.831476
v -0.155412 2.784746 0.977712
v -0.177026 2.618862 1.086375
v -0.190336 2.438867 1.153290
v -0.194831 2.251678 1.175884
v -0.190336 2.064490 1.153290
v -0.177026 1.884495 1.086375
v -0.155412 1.718611 0.977712
v -0.126323 1.573212 0.831476
v -0.090879 1.453887 0.653286
v -0.050441 1.365220 0.449992
v -0.006564 1.310619 0.229404
v -0.050441 3.192738 0.216094
v -0.136511 3.138137 0.423883
v -0.215832 3.049470 0.615382
v -0.285358 2.930144 0.783233
v -0.342417 2.784746 0.920985
v -0.384815 2.618862 1.023343
v -0.410924 2.438867 1.086375
v -0.419740 2.251678 1.107658
v -0.410924 2.064490 1.086375
v -0.384815 1.884495 1.023343
v -0.342417 1.718611 0.920985
v -0.285358 1.573212 0.783233
v -0.215832 1.453887 0.615382
v -0.136511 1.365220 0.423883
v -0.050441 1.310619 0.216094
v -0.090879 3.192738 0.194479
v -0.215832 3.138137 0.381484
v -0.330990 3.049470 0.553829
v -0.431926 2.930144 0.704891
v -0.514762 2.784746 0.828864
v -0.576315 2.618862 0.920985
v -0.614219 2.438867 0.977712
v -0.627018 2.251678 0.996866
v -0.614219 2.064490 0.977712
v -0.576315 1.884495 0.920985
v -0.514762 1.718611 0.828864
v -0.431926 1.573212 0.704891
v -0.330990 1.453887 0.553829
v -0.215832 1.365220 0.381484
v -0.090879 1.310619 0.194479
v -0.126323 3.192738 0.165391
v -0.285358 3.138137 0.324426
v -0.431926 3.049470 0.470993
v -0.560393 2.930144 0.599461
v -0.665824 2.784746 0.704891
v -0.744166 2.618862 0.783233
v -0.792408 2.438867 0.831476
v -0.808698 2.251678 0.847765
v -0.792408 2.064490 0.831476
v -0.744166 1.884495 0.783233
v -0.665824 1.718611 0.704891
v -0.560393 1.573212 0.599461
v -0.431926 1.453887 0.470993
v -0.285358 1.365220 0.324426
v -0.126323 1.310619 0.165391
v -0.155411 3.192738 0.129947
v -0.342417 3.138137 0.254900
v -0.514762 3.049470 0.370057
v -0.665824 2.930144 0.470993
v -0.789797 2.784746 0.553829
v -0.881917 2.618862 0.615382
v -0.938645 2.438867 0.653286
v -0.957799 2.251678 0.666084
v -0.938645 2.064490 0.653286
v -0.881917 1.884495 0.615382
v -0.789797 1.718611 0.553829
v -0.665824 1.573212 0.470993
v -0.514762 1.453887 0.370057
v -0.342417 1.365220 0.254900
v -0.155411 1.310619 0.129947
v -0.177026 3.192738 0.089509
v -0.384815 3.138137 0.175578
v -0.576315 3.049470 0.254900
v -0.744166 2.930144 0.324426
v -0.881917 2.784746 0.381484
v -0.984276 2.618862 0.423883
v -1.047308 2.438867 0.449991
v -1.068591 2.251678 0.458807
v -1.047308 2.064490 0.449991
v -0.984276 1.884495 0.423883
v -0.881917 1.718611 0.381484
v -0.744166 1.573212 0.324426
v -0.576315 1.453887 0.254900
v -0.384815 1.365220 0.175578
v -0.177026 1.310619 0.089509
v -0.190336 3.192738 0.045631
v -0.410924 3.138137 0.089509
v -0.614219 3.049470 0.129947
v -0.792408 2.930144 0.165391
v -0.938644 2.784746 0.194479
v -1.047308 2.618862 0.216094
v -1.114223 2.438867 0.229403
v -1.136816 2.251678 0.233897
v -1.114223 2.064490 0.229403
v -1.047308 1.884495 0.216094
v -0.938644 1.718611 0.194479
v -0.792408 1.573212 0.165391
v -0.614219 1.453887 0.129947
v -0.410924 1.365220 0.089509
v -0.190336 1.310619 0.045631
v -0.194830 3.192738 0.000000
v -0.419740 3.138137 0.000000
v -0.627017 3.049470 -0.000000
v -0.808698 2.930144 0.000000
v -0.957799 2.784746 -0.000000
v -1.068591 2.618862 0.000000
v -1.136817 2.438867 -0.000000
v -1.159853 2.251678 -0.000000
v -1.136817 2.064490 -0.000000
v -1.068591 1.884495 0.000000
v -0.957799 1.718611 -0.000000
v -0.808698 1.573212 0.000000
v -0.627017 1.453887 -0.000000
v -0.419740 1.365220 0.000000
v -0.194830 1.310619 0.000000
v -0.190336 3.192738 -0.045631
v -0.410924 3.138137 -0.089509
v -0.614219 3.049470 -0.129947
v -0.792408 2.930144 -0.165391
v -0.938644 2.784746 -0.194479
v -1.047308 2.618862 -0.216093
v -1.114222 2.438867 -0.229404
v -1.136816 2.251678 -0.233898
v -1.114222 2.064490 -0.229404
v -1.047308 1.884495 -0.216093
v -0.938644 1.718611 -0.194479
v -0.792408 1.573212 -0.165391
v -0.614219 1.453887 -0.129947
v -0.410924 1.365220 -0.089509
v -0.190336 1.310619 -0.045631
v -0.177026 3.192738 -0.089509
v -0.384815 3.138137 -0.175578
v -0.576314 3.049470 -0.254900
v -0.744166 2.930144 -0.324426
v -0.881917 2.784746 -0.381484
v -0.984276 2.618862 -0.423882
v -1.047308 2.438867 -0.449992
v -1.068590 2.251678 -0.458807
v -1.047308 2.064490 -0.449992
v -0.984276 1.884495 -0.423882
v -0.881917 1.718611 -0.381484
v -0.744166 1.573212 -0.324426
v -0.576314 1.453887 -0.254900
v -0.384815 1.365220 -0.175578
v -0.177026 1.310619 -0.089509
v -0.155411 3.192738 -0.129947
v -0.342417 3.138137 -0.254900
v -0.514761 3.049470 -0.370057
v -0.665824 2.930144 -0.470993
v -0.789796 2.784746 -0.553829
v -0.881917 2.618862 -0.615382
v -0.938644 2.438867 -0.653286
v -0.957798 2.251678 -0.666085
v -0.938644 2.064490 -0.653286
v -0.881917 1.884495 -0.615382
v -0.789796 1.718611 -0.553829
v -0.665824 1.573212 -0.470993
v -0.514761 1.453887 -0.370057
v -0.342417 1.365220 -0.254900
v -0.155411 1.310619 -0.129947
v -0.126323 3.192738 -0.165391
v -0.285358 3.138137 -0.324426
v -0.431925 3.049470 -0.470993
v -0.560393 2.930144 -0.599461
v -0.665823 2.784746 -0.704891
v -0.744166 2.618862 -0.783233
v -0.792408 2.438867 -0.831476
v -0.808697 2.251678 -0.847765
v -0.792408 2.064490 -0.831476
v -0.744166 1.884495 -0.783233
v -0.665823 1.718611 -0.704891
v -0.560393 1.573212 -0.599461
v -0.431925 1.453887 -0.470993
v -0.285358 1.365220 -0.324426
v -0.126323 1.310619 -0.165391
v -0.090879 3.192738 -0.194479
v -0.215832 3.138137 -0.381484
v -0.330989 3.049470 -0.553829
v -0.431926 2.930144 -0.704891
v -0.514762 2.784746 -0.828864
v -0.576315 2.618862 -0.920984
v -0.614218 2.438867 -0.977712
v -0.627017 2.251678 -0.996866
v -0.614218 2.064490 -0.977712
v -0.576315 1.884495 -0.920984
v -0.514762 1.718611 -0.828864
v -0.431926 1.573212 -0.704891
v -0.330989 1.453887 -0.553829
v -0.215832 1.365220 -0.381484
v -0.090879 1.310619 -0.194479
v -0.050441 3.192738 -0.216093
v -0.136510 3.138137 -0.423883
v -0.215832 3.049470 -0.615382
v -0.285358 2.930144 -0.783233
v -0.342416 2.784746 -0.920984
v -0.384815 2.618862 -1.023343
v -0.410924 2.438867 -1.086375
v -0.419739 2.251678 -1.107658
v -0.410924 2.064490 -1.086375
v -0.384815 1.884495 -1.023343
v -0.342416 1.718611 -0.920984
v -0.285358 1.573212 -0.783233
v -0.215832 1.453887 -0.615382
v -0.136510 1.365220 -0.423883
v -0.050441 1.310619 -0.216093
v -0.006564 3.192738 -0.229403
v -0.050441 3.138137 -0.449991
v -0.090879 3.049470 -0.653286
v -0.126323 2.930144 -0.831476
v -0.155411 2.784746 -0.977712
v -0.177026 2.618862 -1.086375
v -0.190336 2.438867 -1.153290
v -0.194830 2.251678 -1.175883
v -0.190336 2.064490 -1.153290
v -0.177026 1.884495 -1.086375
v -0.155411 1.718611 -0.977712
v -0.126323 1.573212 -0.831476
v -0.090879 1.453887 -0.653286
v -0.050441 1.365220 -0.449991
v -0.006564 1.310619 -0.229403
v 0.039068 3.192738 -0.233898
v 0.039068 3.138137 -0.458807
v 0.039068 2.930144 -0.847765
v 0.039068 2.618862 -1.107658
v 0.039068 1.884495 -1.107658
v 0.039068 1.573212 -0.847765
v 0.039068 1.453887 -0.666084
v 0.039068 1.365220 -0.458807
v 0.039068 1.310619 -0.233898
v -0.379270 2.588772 1.097970
v -0.379270 2.539622 0.935947
v -0.379270 2.459161 0.855486
v -0.379270 2.354033 0.811940
v -0.379270 2.297138 0.806336
v -0.379270 2.240243 0.811940
v -0.379270 2.135115 0.855486
v -0.379270 2.005505 1.097970
v -0.368170 2.583168 1.042168
v -0.357497 2.566572 0.988511
v -0.347661 2.539622 0.939060
v -0.339039 2.503354 0.895716
v -0.331963 2.459161 0.860145
v -0.326706 2.408741 0.833713
v -0.323468 2.354033 0.817436
v -0.322375 2.297138 0.811940
v -0.323468 2.240243 0.817436
v -0.326706 2.185535 0.833713
v -0.331963 2.135115 0.860145
v -0.339039 2.090922 0.895716
v -0.347661 2.054654 0.939060
v -0.357497 2.027704 0.988511
v -0.368170 2.011108 1.042168
v -0.357497 2.583168 1.045406
v -0.336561 2.566572 0.994862
v -0.317266 2.539622 0.948280
v -0.300354 2.503354 0.907451
v -0.286475 2.459161 0.873944
v -0.276162 2.408741 0.849045
v -0.269811 2.354033 0.833713
v -0.267667 2.297138 0.828536
v -0.269811 2.240243 0.833713
v -0.276162 2.185535 0.849045
v -0.286475 2.135115 0.873944
v -0.300354 2.090922 0.907451
v -0.317266 2.054654 0.948280
v -0.336561 2.027704 0.994862
v -0.357497 2.011108 1.045406
v -0.347661 2.583168 1.050664
v -0.317266 2.566572 1.005175
v -0.289255 2.539622 0.963253
v -0.264702 2.503354 0.926508
v -0.244553 2.459161 0.896352
v -0.229580 2.408741 0.873944
v -0.220360 2.354033 0.860145
v -0.217247 2.297138 0.855486
v -0.220360 2.240243 0.860145
v -0.229580 2.185535 0.873944
v -0.244553 2.135115 0.896352
v -0.264702 2.090922 0.926508
v -0.289255 2.054654 0.963253
v -0.317266 2.027704 1.005175
v -0.347661 2.011108 1.050664
v -0.339039 2.583168 1.057739
v -0.300354 2.566572 1.019054
v -0.264702 2.539622 0.983402
v -0.233453 2.503354 0.952153
v -0.207808 2.459161 0.926508
v -0.188751 2.408741 0.907451
v -0.177016 2.354033 0.895716
v -0.173054 2.297138 0.891754
v -0.177016 2.240243 0.895716
v -0.188751 2.185535 0.907451
v -0.207808 2.135115 0.926508
v -0.233453 2.090922 0.952153
v -0.264702 2.054654 0.983402
v -0.300354 2.027704 1.019054
v -0.339039 2.011108 1.057739
v -0.331964 2.583168 1.066361
v -0.286475 2.566572 1.035966
v -0.244553 2.539622 1.007955
v -0.207808 2.503354 0.983402
v -0.177651 2.459161 0.963253
v -0.155244 2.408741 0.948280
v -0.141445 2.354033 0.939060
v -0.136786 2.297138 0.935947
v -0.141445 2.240243 0.939060
v -0.155244 2.185535 0.948280
v -0.177651 2.135115 0.963253
v -0.207808 2.090922 0.983402
v -0.244553 2.054654 1.007955
v -0.286475 2.027704 1.035966
v -0.331964 2.011108 1.066361
v -0.326706 2.583168 1.076197
v -0.276162 2.566572 1.055261
v -0.229580 2.539622 1.035966
v -0.188751 2.503354 1.019054
v -0.155244 2.459161 1.005175
v -0.130345 2.408741 0.994862
v -0.115013 2.354033 0.988511
v -0.109836 2.297138 0.986367
v -0.115013 2.240243 0.988511
v -0.130345 2.185535 0.994862
v -0.155244 2.135115 1.005175
v -0.188751 2.090922 1.019054
v -0.229580 2.054654 1.035966
v -0.276162 2.027704 1.055261
v -0.326706 2.011108 1.076197
v -0.323468 2.583168 1.086870
v -0.269811 2.566572 1.076197
v -0.220360 2.539622 1.066361
v -0.177016 2.503354 1.057739
v -0.141445 2.459161 1.050664
v -0.115013 2.408741 1.045406
v -0.098736 2.354033 1.042168
v -0.093240 2.297138 1.041075
v -0.098736 2.240243 1.042168
v -0.115013 2.185535 1.045406
v -0.141445 2.135115 1.050664
v -0.177016 2.090922 1.057739
v -0.220360 2.054654 1.066361
v -0.269811 2.027704 1.076197
v -0.323468 2.011108 1.086870
v -0.322375 2.583168 1.097970
v -0.267667 2.566572 1.097970
v -0.217247 2.539622 1.097970
v -0.173054 2.503354 1.097970
v -0.136786 2.459161 1.097970
v -0.109836 2.408741 1.097970
v -0.093240 2.354033 1.097970
v -0.087636 2.297138 1.097970
v -0.093240 2.240243 1.097970
v -0.109836 2.185535 1.097970
v -0.136786 2.135115 1.097970
v -0.173054 2.090922 1.097970
v -0.217247 2.054654 1.097970
v -0.267667 2.027704 1.097970
v -0.322375 2.011108 1.097970
v -0.323468 2.583168 1.109070
v -0.269811 2.566572 1.119743
v -0.220360 2.539622 1.129579
v -0.177016 2.503354 1.138201
v -0.141445 2.459161 1.145276
v -0.115013 2.408741 1.150534
v -0.098736 2.354033 1.153771
v -0.093240 2.297138 1.154865
v -0.098736 2.240243 1.153771
v -0.115013 2.185535 1.150534
v -0.141445 2.135115 1.145276
v -0.177016 2.090922 1.138201
v -0.220360 2.054654 1.129579
v -0.269811 2.027704 1.119743
v -0.323468 2.011108 1.109070
v -0.326706 2.583168 1.119743
v -0.276162 2.566572 1.140679
v -0.229580 2.539622 1.159973
v -0.188751 2.503354 1.176885
v -0.155244 2.459161 1.190765
v -0.130345 2.408741 1.201078
v -0.115013 2.354033 1.207429
v -0.109836 2.297138 1.209573
v -0.115013 2.240243 1.207429
v -0.130345 2.185535 1.201078
v -0.155244 2.135115 1.190765
v -0.188751 2.090922 1.176885
v -0.229580 2.054654 1.159973
v -0.276162 2.027704 1.140679
v -0.326706 2.011108 1.119743
v -0.331964 2.583168 1.129579
v -0.286475 2.566572 1.159973
v -0.244553 2.539622 1.187985
v -0.207808 2.503354 1.212537
v -0.177652 2.459161 1.232687
v -0.155244 2.408741 1.247659
v -0.141445 2.354033 1.256879
v -0.136786 2.297138 1.259993
v -0.141445 2.240243 1.256879
v -0.155244 2.185535 1.247659
v -0.177652 2.135115 1.232687
v -0.207808 2.090922 1.212537
v -0.244553 2.054654 1.187985
v -0.286475 2.027704 1.159973
v -0.331964 2.011108 1.129579
v -0.339039 2.583168 1.138201
v -0.300354 2.566572 1.176885
v -0.264702 2.539622 1.212537
v -0.233453 2.503354 1.243787
v -0.207808 2.459161 1.269432
v -0.188751 2.408741 1.288488
v -0.177016 2.354033 1.300223
v -0.173054 2.297138 1.304186
v -0.177016 2.240243 1.300223
v -0.188751 2.185535 1.288488
v -0.207808 2.135115 1.269432
v -0.233453 2.090922 1.243787
v -0.264702 2.054654 1.212537
v -0.300354 2.027704 1.176885
v -0.339039 2.011108 1.138201
v -0.347661 2.583168 1.145276
v -0.317266 2.566572 1.190765
v -0.289255 2.539622 1.232687
v -0.264702 2.503354 1.269432
v -0.244553 2.459161 1.299588
v -0.229580 2.408741 1.321996
v -0.220360 2.354033 1.335795
v -0.217247 2.297138 1.340454
v -0.220360 2.240243 1.335795
v -0.229580 2.185535 1.321996
v -0.244553 2.135115 1.299588
v -0.264702 2.090922 1.269432
v -0.289255 2.054654 1.232687
v -0.317266 2.027704 1.190765
v -0.347661 2.011108 1.145276
v -0.357497 2.583168 1.150534
v -0.336561 2.566572 1.201078
v -0.317266 2.539622 1.247659
v -0.300354 2.503354 1.288488
v -0.286475 2.459161 1.321996
v -0.276162 2.408741 1.346895
v -0.269811 2.354033 1.362227
v -0.267667 2.297138 1.367404
v -0.269811 2.240243 1.362227
v -0.276162 2.185535 1.346895
v -0.286475 2.135115 1.321996
v -0.300354 2.090922 1.288488
v -0.317266 2.054654 1.247659
v -0.336561 2.027704 1.201078
v -0.357497 2.011108 1.150534
v -0.368170 2.583168 1.153771
v -0.357497 2.566572 1.207429
v -0.347661 2.539622 1.256880
v -0.339039 2.503354 1.300223
v -0.331964 2.459161 1.335795
v -0.326706 2.408741 1.362227
v -0.323468 2.354033 1.378504
v -0.322375 2.297138 1.384000
v -0.323468 2.240243 1.378504
v -0.326706 2.185535 1.362227
v -0.331964 2.135115 1.335795
v -0.339039 2.090922 1.300223
v -0.347661 2.054654 1.256880
v -0.357497 2.027704 1.207429
v -0.368170 2.011108 1.153771
v -0.379270 2.583168 1.154865
v -0.379270 2.566572 1.209573
v -0.379270 2.539622 1.259993
v -0.379270 2.503354 1.304186
v -0.379270 2.459161 1.340454
v -0.379270 2.408741 1.367404
v -0.379270 2.354033 1.384000
v -0.379270 2.297138 1.389603
v -0.379270 2.240243 1.384000
v -0.379270 2.185535 1.367404
v -0.379270 2.135115 1.340454
v -0.379270 2.090922 1.304186
v -0.379270 2.054654 1.259993
v -0.379270 2.027704 1.209573
v -0.379270 2.011108 1.154865
v -0.390369 2.583168 1.153771
v -0.401043 2.566572 1.207429
v -0.410879 2.539622 1.256880
v -0.419501 2.503354 1.300223
v -0.426576 2.459161 1.335795
v -0.431834 2.408741 1.362227
v -0.435071 2.354033 1.378504
v -0.436165 2.297138 1.383999
v -0.435071 2.240243 1.378504
v -0.431834 2.185535 1.362227
v -0.426576 2.135115 1.335795
v -0.419501 2.090922 1.300223
v -0.410879 2.054654 1.256880
v -0.401043 2.027704 1.207429
v -0.390369 2.011108 1.153771
v -0.401043 2.583168 1.150534
v -0.421979 2.566572 1.201078
v -0.441273 2.539622 1.247659
v -0.458185 2.503354 1.288488
v -0.472065 2.459161 1.321996
v -0.482378 2.408741 1.346895
v -0.488729 2.354033 1.362227
v -0.490873 2.297138 1.367404
v -0.488729 2.240243 1.362227
v -0.482378 2.185535 1.346895
v -0.472065 2.135115 1.321996
v -0.458185 2.090922 1.288488
v -0.441273 2.054654 1.247659
v -0.421979 2.027704 1.201078
v -0.401043 2.011108 1.150534
v -0.410879 2.583168 1.145276
v -0.441273 2.566572 1.190765
v -0.469285 2.539622 1.232687
v -0.493837 2.503354 1.269432
v -0.513987 2.459161 1.299588
v -0.528959 2.408741 1.321996
v -0.538179 2.354033 1.335795
v -0.541293 2.297138 1.340454
v -0.538179 2.240243 1.335795
v -0.528959 2.185535 1.321996
v -0.513987 2.135115 1.299588
v -0.493837 2.090922 1.269432
v -0.469285 2.054654 1.232687
v -0.441273 2.027704 1.190765
v -0.410879 2.011108 1.145276
v -0.419501 2.583168 1.138201
v -0.458185 2.566572 1.176885
v -0.493837 2.539622 1.212537
v -0.525086 2.503354 1.243787
v -0.550732 2.459161 1.269432
v -0.569789 2.408741 1.288488
v -0.581523 2.354033 1.300223
v -0.585486 2.297138 1.304186
v -0.581523 2.240243 1.300223
v -0.569789 2.185535 1.288488
v -0.550732 2.135115 1.269432
v -0.525086 2.090922 1.243787
v -0.493837 2.054654 1.212537
v -0.458185 2.027704 1.176885
v -0.419501 2.011108 1.138201
v -0.426576 2.583168 1.129579
v -0.472065 2.566572 1.159973
v -0.513987 2.539622 1.187985
v -0.550732 2.503354 1.212537
v -0.580888 2.459161 1.232687
v -0.603296 2.408741 1.247659
v -0.617095 2.354033 1.256879
v -0.621754 2.297138 1.259992
v -0.617095 2.240243 1.256879
v -0.603296 2.185535 1.247659
v -0.580888 2.135115 1.232687
v -0.550732 2.090922 1.212537
v -0.513987 2.054654 1.187985
v -0.472065 2.027704 1.159973
v -0.426576 2.011108 1.129579
v -0.431834 2.583168 1.119743
v -0.482378 2.566572 1.140679
v -0.528959 2.539622 1.159973
v -0.569788 2.503354 1.176885
v -0.603296 2.459161 1.190764
v -0.628194 2.408741 1.201078
v -0.643527 2.354033 1.207429
v -0.648704 2.297138 1.209573
v -0.643527 2.240243 1.207429
v -0.628194 2.185535 1.201078
v -0.603296 2.135115 1.190764
v -0.569788 2.090922 1.176885
v -0.528959 2.054654 1.159973
v -0.482378 2.027704 1.140679
v -0.431834 2.011108 1.119743
v -0.435071 2.583168 1.109069
v -0.488729 2.566572 1.119743
v -0.538179 2.539622 1.129579
v -0.581523 2.503354 1.138201
v -0.617095 2.459161 1.145276
v -0.643527 2.408741 1.150534
v -0.659803 2.354033 1.153771
v -0.665299 2.297138 1.154865
v -0.659803 2.240243 1.153771
v -0.643527 2.185535 1.150534
v -0.617095 2.135115 1.145276
v -0.581523 2.090922 1.138201
v -0.538179 2.054654 1.129579
v -0.488729 2.027704 1.119743
v -0.435071 2.011108 1.109069
v -0.436165 2.583168 1.097970
v -0.490873 2.566572 1.097970
v -0.541293 2.539622 1.097970
v -0.585486 2.503354 1.097970
v -0.621754 2.459161 1.097970
v -0.648704 2.408741 1.097970
v -0.665299 2.354033 1.097970
v -0.670903 2.297138 1.097970
v -0.665299 2.240243 1.097970
v -0.648704 2.185535 1.097970
v -0.621754 2.135115 1.097970
v -0.585486 2.090922 1.097970
v -0.541293 2.054654 1.097970
v -0.490873 2.027704 1.097970
v -0.436165 2.011108 1.097970
v -0.435071 2.583168 1.086870
v -0.488729 2.566572 1.076197
v -0.538179 2.539622 1.066361
v -0.581523 2.503354 1.057739
v -0.617095 2.459161 1.050663
v -0.643527 2.408741 1.045406
v -0.659803 2.354033 1.042168
v -0.665299 2.297138 1.041075
v -0.659803 2.240243 1.042168
v -0.643527 2.185535 1.045406
v -0.617095 2.135115 1.050663
v -0.581523 2.090922 1.057739
v -0.538179 2.054654 1.066361
v -0.488729 2.027704 1.076197
v -0.435071 2.011108 1.086870
v -0.431834 2.583168 1.076197
v -0.482378 2.566572 1.055261
v -0.528959 2.539622 1.035966
v -0.569788 2.503354 1.019054
v -0.603296 2.459161 1.005175
v -0.628194 2.408741 0.994862
v -0.643527 2.354033 0.988511
v -0.648704 2.297138 0.986367
v -0.643527 2.240243 0.988511
v -0.628194 2.185535 0.994862
v -0.603296 2.135115 1.005175
v -0.569788 2.090922 1.019054
v -0.528959 2.054654 1.035966
v -0.482378 2.027704 1.055261
v -0.431834 2.011108 1.076197
v -0.426576 2.583168 1.066361
v -0.472064 2.566572 1.035966
v -0.513987 2.539622 1.007955
v -0.550732 2.503354 0.983402
v -0.580888 2.459161 0.963253
v -0.603296 2.408741 0.948280
v -0.617095 2.354033 0.939060
v -0.621754 2.297138 0.935947
v -0.617095 2.240243 0.939060
v -0.603296 2.185535 0.948280
v -0.580888 2.135115 0.963253
v -0.550732 2.090922 0.983402
v -0.513987 2.054654 1.007955
v -0.472064 2.027704 1.035966
v -0.426576 2.011108 1.066361
v -0.419500 2.583168 1.057739
v -0.458185 2.566572 1.019054
v -0.493837 2.539622 0.983403
v -0.525086 2.503354 0.952153
v -0.550732 2.459161 0.926508
v -0.569788 2.408741 0.907451
v -0.581523 2.354033 0.895716
v -0.585485 2.297138 0.891754
v -0.581523 2.240243 0.895716
v -0.569788 2.185535 0.907451
v -0.550732 2.135115 0.926508
v -0.525086 2.090922 0.952153
v -0.493837 2.054654 0.983403
v -0.458185 2.027704 1.019054
v -0.419500 2.011108 1.057739
v -0.410879 2.583168 1.050664
v -0.441273 2.566572 1.005175
v -0.469285 2.539622 0.963253
v -0.493837 2.503354 0.926508
v -0.513987 2.459161 0.896352
v -0.528959 2.408741 0.873944
v -0.538179 2.354033 0.860145
v -0.541292 2.297138 0.855486
v -0.538179 2.240243 0.860145
v -0.528959 2.185535 0.873944
v -0.513987 2.135115 0.896352
v -0.493837 2.090922 0.926508
v -0.469285 2.054654 0.963253
v -0.441273 2.027704 1.005175
v -0.410879 2.011108 1.050664
v -0.401043 2.583168 1.045406
v -0.421979 2.566572 0.994862
v -0.441273 2.539622 0.948280
v -0.458185 2.503354 0.907451
v -0.472064 2.459161 0.873944
v -0.482378 2.408741 0.849045
v -0.488729 2.354033 0.833713
v -0.490873 2.297138 0.828536
v -0.488729 2.240243 0.833713
v -0.482378 2.185535 0.849045
v -0.472064 2.135115 0.873944
v -0.458185 2.090922 0.907451
v -0.441273 2.054654 0.948280
v -0.421979 2.027704 0.994862
v -0.401043 2.011108 1.045406
v -0.390369 2.583168 1.042168
v -0.401042 2.566572 0.988511
v -0.410879 2.539622 0.939060
v -0.419501 2.503354 0.895716
v -0.426576 2.459161 0.860145
v -0.431834 2.408741 0.833713
v -0.435071 2.354033 0.817436
v -0.436164 2.297138 0.811940
v -0.435071 2.240243 0.817436
v -0.431834 2.185535 0.833713
v -0.426576 2.135115 0.860145
v -0.419501 2.090922 0.895716
v -0.410879 2.054654 0.939060
v -0.401042 2.027704 0.988511
v -0.390369 2.011108 1.042168
v -0.379270 2.583168 1.041075
v -0.379270 2.566572 0.986367
v -0.379270 2.503354 0.891754
v -0.379270 2.408741 0.828536
v -0.379270 2.185535 0.828536
v -0.379270 2.090922 0.891754
v -0.379270 2.054654 0.935947
v -0.379270 2.027704 0.986367
v -0.379270 2.011108 1.041075
v 0.398203 2.588772 1.097970
v 0.398203 2.539622 0.935947
v 0.398203 2.459161 0.855486
v 0.398203 2.354033 0.811940
v 0.398203 2.297138 0.806337
v 0.398203 2.240243 0.811940
v 0.398203 2.135115 0.855486
v 0.398203 2.005505 1.097970
v 0.409302 2.583168 1.042168
v 0.419976 2.566572 0.988511
v 0.429812 2.539622 0.939060
v 0.438434 2.503354 0.895716
v 0.445509 2.459161 0.860145
v 0.450767 2.408741 0.833713
v 0.454004 2.354033 0.817436
v 0.455098 2.297138 0.811940
v 0.454004 2.240243 0.817436
v 0.450767 2.185535 0.833713
v 0.445509 2.135115 0.860145
v 0.438434 2.090922 0.895716
v 0.429812 2.054654 0.939060
v 0.419976 2.027704 0.988511
v 0.409302 2.011108 1.042168
v 0.419976 2.583168 1.045406
v 0.440912 2.566572 0.994862
v 0.460206 2.539622 0.948280
v 0.477118 2.503354 0.907451
v 0.490998 2.459161 0.873944
v 0.501311 2.408741 0.849045
v 0.507662 2.354033 0.833713
v 0.509806 2.297138 0.828536
v 0.507662 2.240243 0.833713
v 0.501311 2.185535 0.849045
v 0.490998 2.135115 0.873944
v 0.477118 2.090922 0.907451
v 0.460206 2.054654 0.948280
v 0.440912 2.027704 0.994862
v 0.419976 2.011108 1.045406
v 0.429812 2.583168 1.050663
v 0.460206 2.566572 1.005175
v 0.488218 2.539622 0.963253
v 0.512770 2.503354 0.926508
v 0.532920 2.459161 0.896352
v 0.547892 2.408741 0.873944
v 0.557112 2.354033 0.860145
v 0.560226 2.297138 0.855486
v 0.557112 2.240243 0.860145
v 0.547892 2.185535 0.873944
v 0.532920 2.135115 0.896352
v 0.512770 2.090922 0.926508
v 0.488218 2.054654 0.963253
v 0.460206 2.027704 1.005175
v 0.429812 2.011108 1.050663
v 0.438434 2.583168 1.057739
v 0.477118 2.566572 1.019054
v 0.512770 2.539622 0.983402
v 0.544020 2.503354 0.952153
v 0.569665 2.459161 0.926508
v 0.588722 2.408741 0.907451
v 0.600456 2.354033 0.895716
v 0.604419 2.297138 0.891754
v 0.600456 2.240243 0.895716
v 0.588722 2.185535 0.907451
v 0.569665 2.135115 0.926508
v 0.544020 2.090922 0.952153
v 0.512770 2.054654 0.983402
v 0.477118 2.027704 1.019054
v 0.438434 2.011108 1.057739
v 0.445509 2.583168 1.066361
v 0.490998 2.566572 1.035966
v 0.532920 2.539622 1.007955
v 0.569665 2.503354 0.983402
v 0.599821 2.459161 0.963253
v 0.622229 2.408741 0.948280
v 0.636028 2.354033 0.939060
v 0.640687 2.297138 0.935947
v 0.636028 2.240243 0.939060
v 0.622229 2.185535 0.948280
v 0.599821 2.135115 0.963253
v 0.569665 2.090922 0.983402
v 0.532920 2.054654 1.007955
v 0.490998 2.027704 1.035966
v 0.445509 2.011108 1.066361
v 0.450767 2.583168 1.076197
v 0.501311 2.566572 1.055261
v 0.547892 2.539622 1.035966
v 0.588722 2.503354 1.019054
v 0.622229 2.459161 1.005175
v 0.647128 2.408741 0.994862
v 0.662460 2.354033 0.988511
v 0.667637 2.297138 0.986367
v 0.662460 2.240243 0.988511
v 0.647128 2.185535 0.994862
v 0.622229 2.135115 1.005175
v 0.588722 2.090922 1.019054
v 0.547892 2.054654 1.035966
v 0.501311 2.027704 1.055261
v 0.450767 2.011108 1.076197
v 0.454004 2.583168 1.086870
v 0.507662 2.566572 1.076197
v 0.557112 2.539622 1.066361
v 0.600456 2.503354 1.057739
v 0.636028 2.459161 1.050663
v 0.662460 2.408741 1.045406
v 0.678737 2.354033 1.042168
v 0.684232 2.297138 1.041075
v 0.678737 2.240243 1.042168
v 0.662460 2.185535 1.045406
v 0.636028 2.135115 1.050663
v 0.600456 2.090922 1.057739
v 0.557112 2.054654 1.066361
v 0.507662 2.027704 1.076197
v 0.454004 2.011108 1.086870
v 0.455098 2.583168 1.097970
v 0.509806 2.566572 1.097970
v 0.560226 2.539622 1.097970
v 0.604419 2.503354 1.097970
v 0.640687 2.459161 1.097970
v 0.667637 2.408741 1.097970
v 0.684232 2.354033 1.097970
v 0.689836 2.297138 1.097970
v 0.684232 2.240243 1.097970
v 0.667637 2.185535 1.097970
v 0.640687 2.135115 1.097970
v 0.604419 2.090922 1.097970
v 0.560226 2.054654 1.097970
v 0.509806 2.027704 1.097970
v 0.455098 2.011108 1.097970
v 0.454004 2.583168 1.109070
v 0.507662 2.566572 1.119743
v 0.557112 2.539622 1.129579
v 0.600456 2.503354 1.138201
v 0.636028 2.459161 1.145276
v 0.662460 2.408741 1.150534
v 0.678736 2.354033 1.153771
v 0.684232 2.297138 1.154865
v 0.678736 2.240243 1.153771
v 0.662460 2.185535 1.150534
v 0.636028 2.135115 1.145276
v 0.600456 2.090922 1.138201
v 0.557112 2.054654 1.129579
v 0.507662 2.027704 1.119743
v 0.454004 2.011108 1.109070
v 0.450767 2.583168 1.119743
v 0.501311 2.566572 1.140679
v 0.547892 2.539622 1.159973
v 0.588722 2.503354 1.176885
v 0.622229 2.459161 1.190765
v 0.647128 2.408741 1.201078
v 0.662460 2.354033 1.207429
v 0.667637 2.297138 1.209573
v 0.662460 2.240243 1.207429
v 0.647128 2.185535 1.201078
v 0.622229 2.135115 1.190765
v 0.588722 2.090922 1.176885
v 0.547892 2.054654 1.159973
v 0.501311 2.027704 1.140679
v 0.450767 2.011108 1.119743
v 0.445509 2.583168 1.129579
v 0.490998 2.566572 1.159973
v 0.532920 2.539622 1.187985
v 0.569665 2.503354 1.212537
v 0.599821 2.459161 1.232687
v 0.622229 2.408741 1.247659
v 0.636028 2.354033 1.256880
v 0.640687 2.297138 1.259993
v 0.636028 2.240243 1.256880
v 0.622229 2.185535 1.247659
v 0.599821 2.135115 1.232687
v 0.569665 2.090922 1.212537
v 0.532920 2.054654 1.187985
v 0.490998 2.027704 1.159973
v 0.445509 2.011108 1.129579
v 0.438434 2.583168 1.138201
v 0.477118 2.566572 1.176885
v 0.512770 2.539622 1.212537
v 0.544019 2.503354 1.243787
v 0.569665 2.459161 1.269432
v 0.588722 2.408741 1.288488
v 0.600456 2.354033 1.300224
v 0.604419 2.297138 1.304186
v 0.600456 2.240243 1.300224
v 0.588722 2.185535 1.288488
v 0.569665 2.135115 1.269432
v 0.544019 2.090922 1.243787
v 0.512770 2.054654 1.212537
v 0.477118 2.027704 1.176885
v 0.438434 2.011108 1.138201
v 0.429812 2.583168 1.145276
v 0.460206 2.566572 1.190765
v 0.488218 2.539622 1.232687
v 0.512770 2.503354 1.269432
v 0.532920 2.459161 1.299588
v 0.547892 2.408741 1.321996
v 0.557112 2.354033 1.335795
v 0.560225 2.297138 1.340454
v 0.557112 2.240243 1.335795
v 0.547892 2.185535 1.321996
v 0.532920 2.135115 1.299588
v 0.512770 2.090922 1.269432
v 0.488218 2.054654 1.232687
v 0.460206 2.027704 1.190765
v 0.429812 2.011108 1.145276
v 0.419976 2.583168 1.150534
v 0.440912 2.566572 1.201078
v 0.460206 2.539622 1.247659
v 0.477118 2.503354 1.288488
v 0.490997 2.459161 1.321996
v 0.501311 2.408741 1.346895
v 0.507662 2.354033 1.362227
v 0.509806 2.297138 1.367404
v 0.507662 2.240243 1.362227
v 0.501311 2.185535 1.346895
v 0.490997 2.135115 1.321996
v 0.477118 2.090922 1.288488
v 0.460206 2.054654 1.247659
v 0.440912 2.027704 1.201078
v 0.419976 2.011108 1.150534
v 0.409302 2.583168 1.153771
v 0.419976 2.566572 1.207429
v 0.429812 2.539622 1.256879
v 0.438434 2.503354 1.300223
v 0.445509 2.459161 1.335795
v 0.450767 2.408741 1.362227
v 0.454004 2.354033 1.378504
v 0.455097 2.297138 1.383999
v 0.454004 2.240243 1.378504
v 0.450767 2.185535 1.362227
v 0.445509 2.135115 1.335795
v 0.438434 2.090922 1.300223
v 0.429812 2.054654 1.256879
v 0.419976 2.027704 1.207429
v 0.409302 2.011108 1.153771
v 0.398203 2.583168 1.154865
v 0.398203 2.566572 1.209573
v 0.398203 2.539622 1.259992
v 0.398203 2.503354 1.304186
v 0.398203 2.459161 1.340454
v 0.398203 2.408741 1.367404
v 0.398203 2.354033 1.383999
v 0.398203 2.297138 1.389603
v 0.398203 2.240243 1.383999
v 0.398203 2.185535 1.367404
v 0.398203 2.135115 1.340454
v 0.398203 2.090922 1.304186
v 0.398203 2.054654 1.259992
v 0.398203 2.027704 1.209573
v 0.398203 2.011108 1.154865
v 0.387103 2.583168 1.153771
v 0.376430 2.566572 1.207429
v 0.366594 2.539622 1.256879
v 0.357972 2.503354 1.300223
v 0.350897 2.459161 1.335795
v 0.345639 2.408741 1.362227
v 0.342401 2.354033 1.378504
v 0.341308 2.297138 1.383999
v 0.342401 2.240243 1.378504
v 0.345639 2.185535 1.362227
v 0.350897 2.135115 1.335795
v 0.357972 2.090922 1.300223
v 0.366594 2.054654 1.256879
v 0.376430 2.027704 1.207429
v 0.387103 2.011108 1.153771
v 0.376430 2.583168 1.150534
v 0.355494 2.566572 1.201078
v 0.336199 2.539622 1.247659
v 0.319287 2.503354 1.288489
v 0.305408 2.459161 1.321996
v 0.295095 2.408741 1.346895
v 0.288744 2.354033 1.362227
v 0.286600 2.297138 1.367404
v 0.288744 2.240243 1.362227
v 0.295095 2.185535 1.346895
v 0.305408 2.135115 1.321996
v 0.319287 2.090922 1.288489
v 0.336199 2.054654 1.247659
v 0.355494 2.027704 1.201078
v 0.376430 2.011108 1.150534
v 0.366594 2.583168 1.145276
v 0.336199 2.566572 1.190765
v 0.308188 2.539622 1.232687
v 0.283635 2.503354 1.269432
v 0.263486 2.459161 1.299588
v 0.248513 2.408741 1.321996
v 0.239293 2.354033 1.335795
v 0.236180 2.297138 1.340454
v 0.239293 2.240243 1.335795
v 0.248513 2.185535 1.321996
v 0.263486 2.135115 1.299588
v 0.283635 2.090922 1.269432
v 0.308188 2.054654 1.232687
v 0.336199 2.027704 1.190765
v 0.366594 2.011108 1.145276
v 0.357972 2.583168 1.138201
v 0.319287 2.566572 1.176885
v 0.283635 2.539622 1.212537
v 0.252386 2.503354 1.243787
v 0.226741 2.459161 1.269432
v 0.207684 2.408741 1.288488
v 0.195949 2.354033 1.300223
v 0.191987 2.297138 1.304186
v 0.195949 2.240243 1.300223
v 0.207684 2.185535 1.288488
v 0.226741 2.135115 1.269432
v 0.252386 2.090922 1.243787
v 0.283635 2.054654 1.212537
v 0.319287 2.027704 1.176885
v 0.357972 2.011108 1.138201
v 0.350896 2.583168 1.129579
v 0.305408 2.566572 1.159973
v 0.263486 2.539622 1.187985
v 0.226741 2.503354 1.212537
v 0.196585 2.459161 1.232687
v 0.174177 2.408741 1.247659
v 0.160378 2.354033 1.256879
v 0.155719 2.297138 1.259992
v 0.160378 2.240243 1.256879
v 0.174177 2.185535 1.247659
v 0.196585 2.135115 1.232687
v 0.226741 2.090922 1.212537
v 0.263486 2.054654 1.187985
v 0.305408 2.027704 1.159973
v 0.350896 2.011108 1.129579
v 0.345639 2.583168 1.119743
v 0.295095 2.566572 1.140679
v 0.248513 2.539622 1.159973
v 0.207684 2.503354 1.176885
v 0.174177 2.459161 1.190764
v 0.149278 2.408741 1.201078
v 0.133946 2.354033 1.207429
v 0.128769 2.297138 1.209573
v 0.133946 2.240243 1.207429
v 0.149278 2.185535 1.201078
v 0.174177 2.135115 1.190764
v 0.207684 2.090922 1.176885
v 0.248513 2.054654 1.159973
v 0.295095 2.027704 1.140679
v 0.345639 2.011108 1.119743
v 0.342401 2.583168 1.109069
v 0.288744 2.566572 1.119743
v 0.239293 2.539622 1.129579
v 0.195949 2.503354 1.138201
v 0.160378 2.459161 1.145276
v 0.133946 2.408741 1.150534
v 0.117669 2.354033 1.153771
v 0.112173 2.297138 1.154865
v 0.117669 2.240243 1.153771
v 0.133946 2.185535 1.150534
v 0.160378 2.135115 1.145276
v 0.195949 2.090922 1.138201
v 0.239293 2.054654 1.129579
v 0.288744 2.027704 1.119743
v 0.342401 2.011108 1.109069
v 0.341308 2.583168 1.097970
v 0.286600 2.566572 1.097970
v 0.236180 2.539622 1.097970
v 0.191987 2.503354 1.097970
v 0.155719 2.459161 1.097970
v 0.128769 2.408741 1.097970
v 0.112173 2.354033 1.097970
v 0.106570 2.297138 1.097970
v 0.112173 2.240243 1.097970
v 0.128769 2.185535 1.097970
v 0.155719 2.135115 1.097970
v 0.191987 2.090922 1.097970
v 0.236180 2.054654 1.097970
v 0.286600 2.027704 1.097970
v 0.341308 2.011108 1.097970
v 0.342401 2.583168 1.086870
v 0.288744 2.566572 1.076197
v 0.239293 2.539622 1.066361
v 0.195949 2.503354 1.057739
v 0.160378 2.459161 1.050663
v 0.133946 2.408741 1.045406
v 0.117669 2.354033 1.042168
v 0.112173 2.297138 1.041075
v 0.117669 2.240243 1.042168
v 0.133946 2.185535 1.045406
v 0.160378 2.135115 1.050663
v 0.195949 2.090922 1.057739
v 0.239293 2.054654 1.066361
v 0.288744 2.027704 1.076197
v 0.342401 2.011108 1.086870
v 0.345639 2.583168 1.076197
v 0.295095 2.566572 1.055261
v 0.248513 2.539622 1.035966
v 0.207684 2.503354 1.019054
v 0.174177 2.459161 1.005175
v 0.149278 2.408741 0.994862
v 0.133946 2.354033 0.988511
v 0.128769 2.297138 0.986367
v 0.133946 2.240243 0.988511
v 0.149278 2.185535 0.994862
v 0.174177 2.135115 1.005175
v 0.207684 2.090922 1.019054
v 0.248513 2.054654 1.035966
v 0.295095 2.027704 1.055261
v 0.345639 2.011108 1.076197
v 0.350896 2.583168 1.066361
v 0.305408 2.566572 1.035966
v 0.263486 2.539622 1.007955
v 0.226741 2.503354 0.983402
v 0.196585 2.459161 0.963253
v 0.174177 2.408741 0.948280
v 0.160378 2.354033 0.939060
v 0.155719 2.297138 0.935947
v 0.160378 2.240243 0.939060
v 0.174177 2.185535 0.948280
v 0.196585 2.135115 0.963253
v 0.226741 2.090922 0.983402
v 0.263486 2.054654 1.007955
v 0.305408 2.027704 1.035966
v 0.350896 2.011108 1.066361
v 0.357972 2.583168 1.057739
v 0.319287 2.566572 1.019054
v 0.283635 2.539622 0.983402
v 0.252386 2.503354 0.952153
v 0.226741 2.459161 0.926508
v 0.207684 2.408741 0.907451
v 0.195949 2.354033 0.895716
v 0.191987 2.297138 0.891754
v 0.195949 2.240243 0.895716
v 0.207684 2.185535 0.907451
v 0.226741 2.135115 0.926508
v 0.252386 2.090922 0.952153
v 0.283635 2.054654 0.983402
v 0.319287 2.027704 1.019054
v 0.357972 2.011108 1.057739
v 0.366594 2.583168 1.050664
v 0.336199 2.566572 1.005175
v 0.308188 2.539622 0.963253
v 0.283635 2.503354 0.926508
v 0.263486 2.459161 0.896352
v 0.248513 2.408741 0.873944
v 0.239293 2.354033 0.860145
v 0.236180 2.297138 0.855486
v 0.239293 2.240243 0.860145
v 0.248513 2.185535 0.873944
v 0.263486 2.135115 0.896352
v 0.283635 2.090922 0.926508
v 0.308188 2.054654 0.963253
v 0.336199 2.027704 1.005175
v 0.366594 2.011108 1.050664
v 0.376430 2.583168 1.045406
v 0.355494 2.566572 0.994862
v 0.336199 2.539622 0.948281
v 0.319287 2.503354 0.907451
v 0.305408 2.459161 0.873944
v 0.295095 2.408741 0.849045
v 0.288744 2.354033 0.833713
v 0.286600 2.297138 0.828536
v 0.288744 2.240243 0.833713
v 0.295095 2.185535 0.849045
v 0.305408 2.135115 0.873944
v 0.319287 2.090922 0.907451
v 0.336199 2.054654 0.948281
v 0.355494 2.027704 0.994862
v 0.376430 2.011108 1.045406
v 0.387103 2.583168 1.042168
v 0.376430 2.566572 0.988511
v 0.366594 2.539622 0.939060
v 0.357972 2.503354 0.895716
v 0.350897 2.459161 0.860145
v 0.345639 2.408741 0.833713
v 0.342401 2.354033 0.817436
v 0.341308 2.297138 0.811940
v 0.342401 2.240243 0.817436
v 0.345639 2.185535 0.833713
v 0.350897 2.135115 0.860145
v 0.357972 2.090922 0.895716
v 0.366594 2.054654 0.939060
v 0.376430 2.027704 0.988511
v 0.387103 2.011108 1.042168
v 0.398203 2.583168 1.041075
v 0.398203 2.566572 0.986367
v 0.398203 2.503354 0.891754
v 0.398203 2.408741 0.828536
v 0.398203 2.185535 0.828536
v 0.398203 2.090922 0.891754
v 0.398203 2.054654 0.935947
v 0.398203 2.027704 0.986367
v 0.398203 2.011108 1.041075
v -0.165260 1.794335 -0.963443
v -0.099307 1.835475 -1.014992
v -0.009214 1.850533 -1.033860
v 0.080879 1.835475 -1.014992
v 0.146831 1.794335 -0.963443
v 0.170972 1.738137 -0.893027
v 0.146832 1.681939 -0.822610
v 0.080879 1.640799 -0.771061
v -0.009214 1.625741 -0.752193
v -0.099307 1.640799 -0.771061
v -0.165260 1.681939 -0.822609
v -0.189400 1.738137 -0.893026
v -0.165260 0.979796 -1.607033
v -0.099308 1.001590 -1.669281
v -0.009215 1.009567 -1.692065
v 0.080878 1.001590 -1.669281
v 0.146831 0.979796 -1.607033
v 0.170972 0.950024 -1.522001
v 0.146832 0.920253 -1.436969
v 0.080879 0.898458 -1.374722
v -0.009214 0.890481 -1.351937
v -0.099307 0.898458 -1.374721
v -0.165260 0.920253 -1.436969
v -0.189401 0.950024 -1.522001
v -0.165260 0.033086 -1.612094
v -0.099308 0.033086 -1.678047
v -0.009215 0.033086 -1.702187
v 0.080878 0.033086 -1.678047
v 0.146831 0.033086 -1.612094
v 0.170972 0.033086 -1.522001
v 0.146831 0.033086 -1.431908
v 0.080879 0.033086 -1.365955
v -0.009214 0.033086 -1.341815
v -0.099307 0.033086 -1.365955
v -0.165260 0.033086 -1.431908
v -0.189401 0.033086 -1.522001
v 0.694554 1.773287 0.061556
v 0.692678 1.814427 0.145243
v 0.650221 1.829485 0.226914
v 0.578561 1.814427 0.284686
v 0.496899 1.773287 0.303079
v 0.427115 1.717089 0.277164
v 0.387909 1.660891 0.213885
v 0.389786 1.619751 0.130198
v 0.432243 1.604692 0.048527
v 0.503903 1.619751 -0.009245
v 0.585565 1.660891 -0.027638
v 0.655349 1.717089 -0.001723
v 1.192618 0.958748 0.469159
v 1.199021 0.980542 0.559622
v 1.159595 0.988519 0.643773
v 1.084904 0.980542 0.699065
v 0.994962 0.958748 0.710681
v 0.913869 0.928976 0.675510
v 0.863352 0.899205 0.602976
v 0.856950 0.877411 0.512513
v 0.896376 0.869433 0.428361
v 0.971066 0.877410 0.373069
v 1.061008 0.899205 0.361453
v 1.142102 0.928976 0.396624
v 1.196535 0.012037 0.472364
v 1.205805 0.012037 0.565173
v 1.167428 0.012037 0.650184
v 1.091688 0.012037 0.704617
v 0.998879 0.012037 0.713887
v 0.913869 0.012037 0.675510
v 0.859436 0.012037 0.599770
v 0.850165 0.012037 0.506961
v 0.888542 0.012037 0.421950
v 0.964282 0.012037 0.367517
v 1.057092 0.012037 0.358247
v 1.142102 0.012037 0.396624
v 1.264171 3.921106 0.126915
v 1.242745 3.955551 0.086350
v 1.234902 3.968159 0.030937
v 1.242745 3.955551 -0.024477
v 1.264171 3.921106 -0.065042
v 1.293439 3.874053 -0.079890
v 1.322708 3.827000 -0.065042
v 1.344133 3.792555 -0.024477
v 1.351976 3.779948 0.030936
v 1.344134 3.792555 0.086349
v 1.322708 3.827000 0.126915
v 1.293439 3.874053 0.141763
v 0.723647 3.581216 0.126915
v 0.692042 3.606646 0.086350
v 0.680474 3.615954 0.030937
v 0.692042 3.606646 -0.024477
v 0.723646 3.581216 -0.065042
v 0.766819 3.546479 -0.079890
v 0.809992 3.511741 -0.065042
v 0.841597 3.486311 -0.024477
v 0.853165 3.477003 0.030936
v 0.841597 3.486311 0.086349
v 0.809992 3.511741 0.126915
v 0.766820 3.546478 0.141763
v 0.526106 3.033451 0.126915
v 0.487874 3.047008 0.086350
v 0.473880 3.051970 0.030937
v 0.487874 3.047008 -0.024476
v 0.526106 3.033451 -0.065042
v 0.578333 3.014931 -0.079890
v 0.630560 2.996412 -0.065042
v 0.668792 2.982854 -0.024477
v 0.682787 2.977892 0.030936
v 0.668792 2.982854 0.086349
v 0.630560 2.996412 0.126915
v 0.578333 3.014931 0.141763
v -1.108160 3.921106 -0.065042
v -1.086735 3.955551 -0.024477
v -1.078892 3.968159 0.030936
v -1.086735 3.955551 0.086350
v -1.108160 3.921106 0.126915
v -1.137429 3.874053 0.141763
v -1.166697 3.827000 0.126915
v -1.188123 3.792555 0.086350
v -1.195966 3.779948 0.030937
v -1.188123 3.792555 -0.024476
v -1.166697 3.827000 -0.065042
v -1.137429 3.874053 -0.079890
v -0.567636 3.581216 -0.065042
v -0.536031 3.606646 -0.024477
v -0.524463 3.615954 0.030936
v -0.536031 3.606646 0.086349
v -0.567636 3.581216 0.126915
v -0.610809 3.546479 0.141762
v -0.653982 3.511741 0.126915
v -0.685587 3.486311 0.086350
v -0.697155 3.477003 0.030936
v -0.685587 3.486311 -0.024477
v -0.653982 3.511741 -0.065042
v -0.610809 3.546478 -0.079890
v -0.370096 3.033451 -0.065042
v -0.331863 3.047008 -0.024477
v -0.317869 3.051970 0.030936
v -0.331863 3.047008 0.086349
v -0.370096 3.033451 0.126914
v -0.422323 3.014931 0.141762
v -0.474549 2.996412 0.126915
v -0.512782 2.982854 0.086350
v -0.526776 2.977892 0.030936
v -0.512782 2.982854 -0.024477
v -0.474550 2.996412 -0.065042
v -0.422323 3.014931 -0.079890
vn 0.5346 0.1652 0.8288
vn 0.0949 0.4434 0.8913
vn -0.3601 0.5969 0.7170
vn -0.7170 0.5969 0.3601
vn -0.8913 0.4434 -0.0949
vn -0.8288 0.1652 -0.5346
vn -0.5350 -0.1664 -0.8283
vn -0.0982 -0.4516 -0.8868
vn 0.3527 -0.6112 -0.7086
vn 0.7086 -0.6112 -0.3527
vn 0.8868 -0.4516 0.0982
vn 0.8283 -0.1664 0.5350
vn 0.4938 0.0007 0.8695
vn -0.0136 0.0052 0.9999
vn -0.5057 0.0094 0.8627
vn -0.8627 0.0094 0.5057
vn -0.9999 0.0052 0.0136
vn -0.8696 0.0007 -0.4938
vn -0.4936 0.0007 -0.8697
vn 0.0149 0.0057 -0.9999
vn 0.5064 0.0106 -0.8622
vn 0.8622 0.0106 -0.5064
vn 0.9999 0.0057 -0.0149
vn 0.8697 0.0007 0.4936
vn 0.0540 0.8346 -0.5482
vn 0.0686 -0.7143 -0.6965
vn 0.0686 0.7143 -0.6965
vn 0.0540 -0.8346 -0.5482
vn 0.0816 0.5535 -0.8288
vn 0.0387 -0.9187 -0.3930
vn 0.0917 0.3529 -0.9311
vn 0.0232 -0.9715 -0.2359
vn 0.0973 0.1216 -0.9878
vn 0.0077 0.9969 -0.0786
vn 0.0077 -0.9969 -0.0786
vn 0.0973 -0.1216 -0.9878
vn 0.0232 0.9715 -0.2359
vn 0.0917 -0.3529 -0.9311
vn 0.0387 0.9187 -0.3930
vn 0.0816 -0.5535 -0.8288
vn 0.2716 -0.3529 -0.8954
vn 0.1146 0.9187 -0.3779
vn 0.2418 -0.5536 -0.7970
vn 0.1599 0.8346 -0.5271
vn 0.2032 -0.7143 -0.6697
vn 0.2032 0.7143 -0.6698
vn 0.1599 -0.8346 -0.5271
vn 0.2418 0.5536 -0.7970
vn 0.1146 -0.9187 -0.3779
vn 0.2716 0.3529 -0.8954
vn 0.0688 -0.9715 -0.2268
vn 0.2881 0.1216 -0.9498
vn 0.0229 0.9969 -0.0756
vn 0.0229 -0.9969 -0.0756
vn 0.2881 -0.1216 -0.9498
vn 0.0688 0.9715 -0.2268
vn 0.1862 -0.9187 -0.3483
vn 0.4411 0.3529 -0.8252
vn 0.1117 -0.9715 -0.2090
vn 0.4679 0.1216 -0.8754
vn 0.0372 0.9969 -0.0696
vn 0.0372 -0.9969 -0.0696
vn 0.4679 -0.1216 -0.8754
vn 0.1117 0.9715 -0.2090
vn 0.4411 -0.3529 -0.8252
vn 0.1862 0.9187 -0.3483
vn 0.3926 -0.5536 -0.7345
vn 0.2597 0.8346 -0.4858
vn 0.3299 -0.7143 -0.6172
vn 0.3299 0.7143 -0.6172
vn 0.2597 -0.8346 -0.4858
vn 0.3926 0.5536 -0.7345
vn 0.5283 -0.5536 -0.6438
vn 0.3494 0.8346 -0.4258
vn 0.4440 -0.7143 -0.5410
vn 0.4440 0.7143 -0.5410
vn 0.3494 -0.8346 -0.4258
vn 0.5283 0.5536 -0.6438
vn 0.2505 -0.9187 -0.3053
vn 0.5936 0.3529 -0.7233
vn 0.1503 -0.9715 -0.1832
vn 0.6297 0.1216 -0.7673
vn 0.0501 0.9969 -0.0610
vn 0.0501 -0.9969 -0.0610
vn 0.6297 -0.1216 -0.7673
vn 0.1503 0.9715 -0.1832
vn 0.5936 -0.3529 -0.7233
vn 0.2505 0.9187 -0.3053
vn 0.1832 -0.9715 -0.1503
vn 0.7673 0.1216 -0.6297
vn 0.0610 0.9969 -0.0501
vn 0.0610 -0.9969 -0.0501
vn 0.7673 -0.1216 -0.6297
vn 0.1832 0.9715 -0.1503
vn 0.7233 -0.3529 -0.5936
vn 0.3053 0.9187 -0.2505
vn 0.6438 -0.5536 -0.5283
vn 0.4258 0.8346 -0.3494
vn 0.5410 -0.7143 -0.4440
vn 0.5410 0.7143 -0.4440
vn 0.4258 -0.8346 -0.3494
vn 0.6438 0.5536 -0.5283
vn 0.3053 -0.9187 -0.2505
vn 0.7233 0.3529 -0.5936
vn 0.4858 0.8346 -0.2597
vn 0.6172 -0.7143 -0.3299
vn 0.6172 0.7143 -0.3299
vn 0.4858 -0.8346 -0.2597
vn 0.7345 0.5536 -0.3926
vn 0.3483 -0.9187 -0.1862
vn 0.8252 0.3529 -0.4411
vn 0.2090 -0.9715 -0.1117
vn 0.8754 0.1216 -0.4679
vn 0.0696 0.9969 -0.0372
vn 0.0696 -0.9969 -0.0372
vn 0.8754 -0.1216 -0.4679
vn 0.2090 0.9715 -0.1117
vn 0.8252 -0.3529 -0.4411
vn 0.3483 0.9187 -0.1862
vn 0.7345 -0.5536 -0.3926
vn 0.9498 0.1216 -0.2881
vn 0.0756 0.9969 -0.0229
vn 0.0756 -0.9969 -0.0229
vn 0.9498 -0.1216 -0.2881
vn 0.2268 0.9715 -0.0688
vn 0.8954 -0.3529 -0.2716
vn 0.3779 0.9187 -0.1146
vn 0.7970 -0.5536 -0.2418
vn 0.5271 0.8346 -0.1599
vn 0.6698 -0.7143 -0.2032
vn 0.6698 0.7143 -0.2032
vn 0.5271 -0.8346 -0.1599
vn 0.7970 0.5536 -0.2418
vn 0.3779 -0.9187 -0.1146
vn 0.8954 0.3529 -0.2716
vn 0.2268 -0.9715 -0.0688
vn 0.6965 -0.7143 -0.0686
vn 0.6965 0.7143 -0.0686
vn 0.5482 -0.8346 -0.0540
vn 0.8288 0.5536 -0.0816
vn 0.3930 -0.9187 -0.0387
vn 0.9311 0.3529 -0.0917
vn 0.2359 -0.9715 -0.0232
vn 0.9878 0.1216 -0.0973
vn 0.0786 0.9969 -0.0077
vn 0.0786 -0.9969 -0.0077
vn 0.9878 -0.1216 -0.0973
vn 0.2359 0.9715 -0.0232
vn 0.9311 -0.3529 -0.0917
vn 0.3930 0.9187 -0.0387
vn 0.8288 -0.5536 -0.0816
vn 0.5482 0.8346 -0.0540
vn 0.0786 0.9969 0.0077
vn 0.0786 -0.9969 0.0077
vn 0.9878 -0.1216 0.0973
vn 0.2359 0.9715 0.0232
vn 0.9311 -0.3529 0.0917
vn 0.3930 0.9187 0.0387
vn 0.8288 -0.5536 0.0816
vn 0.5482 0.8346 0.0540
vn 0.6965 -0.7143 0.0686
vn 0.6965 0.7143 0.0686
vn 0.5482 -0.8346 0.0540
vn 0.8288 0.5536 0.0816
vn 0.3930 -0.9187 0.0387
vn 0.9311 0.3529 0.0917
vn 0.2359 -0.9715 0.0232
vn 0.9878 0.1216 0.0973
vn 0.6698 0.7143 0.2032
vn 0.5271 -0.8346 0.1599
vn 0.7970 0.5536 0.2418
vn 0.3779 -0.9187 0.1146
vn 0.8954 0.3529 0.2716
vn 0.2268 -0.9715 0.0688
vn 0.9498 0.1216 0.2881
vn 0.0756 0.9969 0.0229
vn 0.0756 -0.9969 0.0229
vn 0.9498 -0.1216 0.2881
vn 0.2268 0.9715 0.0688
vn 0.8954 -0.3529 0.2716
vn 0.3779 0.9187 0.1146
vn 0.7970 -0.5536 0.2418
vn 0.5271 0.8346 0.1599
vn 0.6698 -0.7143 0.2032
vn 0.8754 -0.1216 0.4679
vn 0.2090 0.9715 0.1117
vn 0.8252 -0.3529 0.4411
vn 0.3483 0.9187 0.1862
vn 0.7345 -0.5536 0.3926
vn 0.4858 0.8346 0.2597
vn 0.6172 -0.7143 0.3299
vn 0.6172 0.7143 0.3299
vn 0.4858 -0.8346 0.2597
vn 0.7345 0.5536 0.3926
vn 0.3483 -0.9187 0.1862
vn 0.8252 0.3529 0.4411
vn 0.2090 -0.9715 0.1117
vn 0.8754 0.1216 0.4679
vn 0.0696 0.9969 0.0372
vn 0.0696 -0.9969 0.0372
vn 0.4258 -0.8346 0.3494
vn 0.6438 0.5536 0.5283
vn 0.3053 -0.9187 0.2505
vn 0.7233 0.3529 0.5936
vn 0.1832 -0.9715 0.1503
vn 0.7673 0.1216 0.6297
vn 0.0610 0.9969 0.0501
vn 0.0610 -0.9969 0.0501
vn 0.7673 -0.1216 0.6297
vn 0.1832 0.9715 0.1503
vn 0.7233 -0.3529 0.5936
vn 0.3053 0.9187 0.2505
vn 0.6438 -0.5536 0.5283
vn 0.4258 0.8346 0.3494
vn 0.5410 -0.7143 0.4440
vn 0.5410 0.7143 0.4440
vn 0.5936 -0.3529 0.7233
vn 0.2505 0.9187 0.3053
vn 0.5283 -0.5536 0.6438
vn 0.3494 0.8346 0.4258
vn 0.4440 -0.7143 0.5410
vn 0.4440 0.7143 0.5410
vn 0.3494 -0.8346 0.4258
vn 0.5283 0.5536 0.6438
vn 0.2505 -0.9187 0.3053
vn 0.5936 0.3529 0.7233
vn 0.1503 -0.9715 0.1832
vn 0.6297 0.1216 0.7673
vn 0.0501 0.9969 0.0610
vn 0.0501 -0.9969 0.0610
vn 0.6297 -0.1216 0.7673
vn 0.1503 0.9715 0.1832
vn 0.1862 -0.9187 0.3483
vn 0.4411 0.3529 0.8252
vn 0.1117 -0.9715 0.2090
vn 0.4679 0.1216 0.8754
vn 0.0372 0.9969 0.0696
vn 0.0372 -0.9969 0.0696
vn 0.4679 -0.1216 0.8754
vn 0.1117 0.9715 0.2090
vn 0.4411 -0.3529 0.8252
vn 0.1862 0.9187 0.3483
vn 0.3926 -0.5536 0.7345
vn 0.2597 0.8346 0.4858
vn 0.3299 -0.7143 0.6172
vn 0.3299 0.7143 0.6172
vn 0.2597 -0.8346 0.4858
vn 0.3926 0.5536 0.7345
vn 0.1146 0.9187 0.3779
vn 0.2418 -0.5536 0.7970
vn 0.1599 0.8346 0.5271
vn 0.2032 -0.7143 0.6698
vn 0.2032 0.7143 0.6698
vn 0.1599 -0.8346 0.5271
vn 0.2418 0.5536 0.7970
vn 0.1146 -0.9187 0.3779
vn 0.2716 0.3529 0.8954
vn 0.0688 -0.9715 0.2268
vn 0.2881 0.1216 0.9498
vn 0.0229 0.9969 0.0756
vn 0.0229 -0.9969 0.0756
vn 0.2881 -0.1216 0.9498
vn 0.0688 0.9715 0.2268
vn 0.2716 -0.3529 0.8954
vn 0.0917 0.3529 0.9311
vn 0.0232 -0.9715 0.2359
vn 0.0973 0.1216 0.9878
vn 0.0077 0.9969 0.0786
vn 0.0077 -0.9969 0.0786
vn 0.0973 -0.1216 0.9878
vn 0.0232 0.9715 0.2359
vn 0.0917 -0.3529 0.9311
vn 0.0387 0.9187 0.3930
vn 0.0816 -0.5536 0.8288
vn 0.0540 0.8346 0.5482
vn 0.0686 -0.7143 0.6965
vn 0.0686 0.7143 0.6965
vn 0.0540 -0.8346 0.5482
vn 0.0816 0.5536 0.8288
vn 0.0387 -0.9187 0.3930
vn -0.0816 -0.5536 0.8288
vn -0.0540 0.8346 0.5482
vn -0.0686 -0.7143 0.6965
vn -0.0686 0.7143 0.6965
vn -0.0540 -0.8346 0.5482
vn -0.0816 0.5536 0.8288
vn -0.0387 -0.9187 0.3930
vn -0.0917 0.3529 0.9311
vn -0.0232 -0.9715 0.2359
vn -0.0973 0.1216 0.9878
vn -0.0077 0.9969 0.0786
vn -0.0077 -0.9969 0.0786
vn -0.0973 -0.1216 0.9878
vn -0.0232 0.9715 0.2359
vn -0.0917 -0.3529 0.9311
vn -0.0387 0.9187 0.3930
vn -0.0688 -0.9715 0.2268
vn -0.2881 0.1216 0.9498
vn -0.0229 0.9969 0.0756
vn -0.0229 -0.9969 0.0756
vn -0.2881 -0.1216 0.9498
vn -0.0688 0.9715 0.2268
vn -0.2716 -0.3529 0.8954
vn -0.1146 0.9187 0.3779
vn -0.2418 -0.5536 0.7970
vn -0.1599 0.8346 0.5271
vn -0.2032 -0.7143 0.6698
vn -0.2032 0.7143 0.6698
vn -0.1599 -0.8346 0.5271
vn -0.2418 0.5536 0.7970
vn -0.1146 -0.9187 0.3779
vn -0.2716 0.3529 0.8954
vn -0.2597 0.8346 0.4858
vn -0.3299 -0.7143 0.6172
vn -0.3299 0.7143 0.6172
vn -0.2597 -0.8346 0.4858
vn -0.3926 0.5536 0.7345
vn -0.1862 -0.9187 0.3483
vn -0.4411 0.3529 0.8252
vn -0.1117 -0.9715 0.2090
vn -0.4679 0.1216 0.8754
vn -0.0372 0.9969 0.0696
vn -0.0372 -0.9969 0.0696
vn -0.4679 -0.1216 0.8754
vn -0.1117 0.9715 0.2090
vn -0.4411 -0.3529 0.8252
vn -0.1862 0.9187 0.3483
vn -0.3926 -0.5536 0.7345
vn -0.6297 0.1216 0.7673
vn -0.0501 0.9969 0.0610
vn -0.0501 -0.9969 0.0610
vn -0.6297 -0.1216 0.7673
vn -0.1503 0.9715 0.1832
vn -0.5936 -0.3529 0.7233
vn -0.2505 0.9187 0.3053
vn -0.5283 -0.5536 0.6438
vn -0.3494 0.8346 0.4258
vn -0.4440 -0.7143 0.5410
vn -0.4440 0.7143 0.5410
vn -0.3494 -0.8346 0.4258
vn -0.5283 0.5536 0.6438
vn -0.2505 -0.9187 0.3053
vn -0.5936 0.3529 0.7233
vn -0.1503 -0.9715 0.1832
vn -0.5410 -0.7143 0.4440
vn -0.5410 0.7143 0.4440
vn -0.4258 -0.8346 0.3494
vn -0.6438 0.5536 0.5283
vn -0.3053 -0.9187 0.2505
vn -0.7233 0.3529 0.5936
vn -0.1832 -0.9715 0.1503
vn -0.7673 0.1216 0.6297
vn -0.0610 0.9969 0.0501
vn -0.0610 -0.9969 0.0501
vn -0.7673 -0.1216 0.6297
vn -0.1832 0.9715 0.1503
vn -0.7233 -0.3529 0.5936
vn -0.3053 0.9187 0.2505
vn -0.6438 -0.5536 0.5283
vn -0.4258 0.8346 0.3494
vn -0.0696 -0.9969 0.0372
vn -0.8754 -0.1216 0.4679
vn -0.2090 0.9715 0.1117
vn -0.8252 -0.3529 0.4411
vn -0.3483 0.9187 0.1862
vn -0.7345 -0.5536 0.3926
vn -0.4858 0.8346 0.2597
vn -0.6172 -0.7143 0.3299
vn -0.6172 0.7143 0.3299
vn -0.4858 -0.8346 0.2597
vn -0.7345 0.5536 0.3926
vn -0.3483 -0.9187 0.1862
vn -0.8252 0.3529 0.4411
vn -0.2090 -0.9715 0.1117
vn -0.8754 0.1216 0.4679
vn -0.0696 0.9969 0.0372
vn -0.5271 -0.8346 0.1599
vn -0.7970 0.5536 0.2418
vn -0.3779 -0.9187 0.1146
vn -0.8954 0.3529 0.2716
vn -0.2268 -0.9715 0.0688
vn -0.9498 0.1216 0.2881
vn -0.0756 0.9969 0.0229
vn -0.0756 -0.9969 0.0229
vn -0.9498 -0.1216 0.2881
vn -0.2268 0.9715 0.0688
vn -0.8954 -0.3529 0.2716
vn -0.3779 0.9187 0.1146
vn -0.7970 -0.5536 0.2418
vn -0.5271 0.8346 0.1599
vn -0.6698 -0.7143 0.2032
vn -0.6698 0.7143 0.2032
vn -0.2359 0.9715 0.0232
vn -0.9311 -0.3529 0.0917
vn -0.3930 0.9187 0.0387
vn -0.8288 -0.5536 0.0816
vn -0.5482 0.8346 0.0540
vn -0.6965 -0.7143 0.0686
vn -0.6965 0.7143 0.0686
vn -0.5482 -0.8346 0.0540
vn -0.8288 0.5536 0.0816
vn -0.3930 -0.9187 0.0387
vn -0.9311 0.3529 0.0917
vn -0.2359 -0.9715 0.0232
vn -0.9878 0.1216 0.0973
vn -0.0786 0.9969 0.0077
vn -0.0786 -0.9969 0.0077
vn -0.9878 -0.1216 0.0973
vn -0.8288 0.5536 -0.0816
vn -0.3930 -0.9187 -0.0387
vn -0.9311 0.3529 -0.0917
vn -0.2359 -0.9715 -0.0232
vn -0.9878 0.1216 -0.0973
vn -0.0786 0.9969 -0.0077
vn -0.0786 -0.9969 -0.0077
vn -0.9878 -0.1216 -0.0973
vn -0.2359 0.9715 -0.0232
vn -0.9311 -0.3529 -0.0917
vn -0.3930 0.9187 -0.0387
vn -0.8288 -0.5536 -0.0816
vn -0.5482 0.8346 -0.0540
vn -0.6965 -0.7143 -0.0686
vn -0.6965 0.7143 -0.0686
vn -0.5482 -0.8346 -0.0540
vn -0.8954 -0.3529 -0.2716
vn -0.3779 0.9187 -0.1146
vn -0.7970 -0.5536 -0.2418
vn -0.5271 0.8346 -0.1599
vn -0.6698 -0.7143 -0.2032
vn -0.6698 0.7143 -0.2032
vn -0.5271 -0.8346 -0.1599
vn -0.7970 0.5536 -0.2418
vn -0.3779 -0.9187 -0.1146
vn -0.8954 0.3529 -0.2716
vn -0.2268 -0.9715 -0.0688
vn -0.9498 0.1216 -0.2881
vn -0.0756 0.9969 -0.0229
vn -0.0756 -0.9969 -0.0229
vn -0.9498 -0.1216 -0.2881
vn -0.2268 0.9715 -0.0688
vn -0.3483 -0.9187 -0.1862
vn -0.8252 0.3529 -0.4411
vn -0.2090 -0.9715 -0.1117
vn -0.8754 0.1216 -0.4679
vn -0.0696 0.9969 -0.0372
vn -0.0696 -0.9969 -0.0372
vn -0.8754 -0.1216 -0.4679
vn -0.2090 0.9715 -0.1117
vn -0.8252 -0.3529 -0.4411
vn -0.3483 0.9187 -0.1862
vn -0.7345 -0.5536 -0.3926
vn -0.4858 0.8346 -0.2597
vn -0.6172 -0.7143 -0.3299
vn -0.6172 0.7143 -0.3299
vn -0.4858 -0.8346 -0.2597
vn -0.7345 0.5536 -0.3926
vn -0.3053 0.9187 -0.2505
vn -0.6438 -0.5536 -0.5283
vn -0.4258 0.8346 -0.3494
vn -0.5410 -0.7143 -0.4440
vn -0.5410 0.7143 -0.4440
vn -0.4258 -0.8346 -0.3494
vn -0.6438 0.5536 -0.5283
vn -0.3053 -0.9187 -0.2505
vn -0.7233 0.3529 -0.5936
vn -0.1832 -0.9715 -0.1503
vn -0.7673 0.1216 -0.6297
vn -0.0610 0.9969 -0.0501
vn -0.0610 -0.9969 -0.0501
vn -0.7673 -0.1216 -0.6297
vn -0.1832 0.9715 -0.1503
vn -0.7233 -0.3529 -0.5936
vn -0.5936 0.3529 -0.7233
vn -0.1503 -0.9715 -0.1832
vn -0.6297 0.1216 -0.7673
vn -0.0501 0.9969 -0.0610
vn -0.0501 -0.9969 -0.0610
vn -0.6297 -0.1216 -0.7673
vn -0.1503 0.9715 -0.1832
vn -0.5936 -0.3529 -0.7233
vn -0.2505 0.9187 -0.3053
vn -0.5283 -0.5536 -0.6438
vn -0.3494 0.8346 -0.4258
vn -0.4440 -0.7143 -0.5410
vn -0.4440 0.7143 -0.5410
vn -0.3494 -0.8346 -0.4258
vn -0.5283 0.5536 -0.6438
vn -0.2505 -0.9187 -0.3053
vn -0.3926 -0.5536 -0.7345
vn -0.2597 0.8346 -0.4858
vn -0.3299 -0.7143 -0.6172
vn -0.3299 0.7143 -0.6172
vn -0.2597 -0.8346 -0.4858
vn -0.3926 0.5536 -0.7345
vn -0.1862 -0.9187 -0.3483
vn -0.4411 0.3529 -0.8252
vn -0.1117 -0.9715 -0.2090
vn -0.4679 0.1216 -0.8754
vn -0.0372 0.9969 -0.0696
vn -0.0372 -0.9969 -0.0696
vn -0.4679 -0.1216 -0.8754
vn -0.1117 0.9715 -0.2090
vn -0.4411 -0.3529 -0.8252
vn -0.1862 0.9187 -0.3483
vn -0.0688 -0.9715 -0.2268
vn -0.2881 0.1216 -0.9498
vn -0.0229 0.9969 -0.0756
vn -0.0229 -0.9969 -0.0756
vn -0.2881 -0.1216 -0.9498
vn -0.0688 0.9715 -0.2268
vn -0.2716 -0.3529 -0.8954
vn -0.1146 0.9187 -0.3779
vn -0.2418 -0.5536 -0.7970
vn -0.1599 0.8346 -0.5271
vn -0.2032 -0.7143 -0.6698
vn -0.2032 0.7143 -0.6698
vn -0.1599 -0.8346 -0.5271
vn -0.2418 0.5536 -0.7970
vn -0.1146 -0.9187 -0.3779
vn -0.2716 0.3529 -0.8954
vn -0.0686 -0.7143 -0.6965
vn -0.0686 0.7143 -0.6965
vn -0.0540 -0.8346 -0.5482
vn -0.0816 0.5535 -0.8288
vn -0.0387 -0.9187 -0.3930
vn -0.0917 0.3529 -0.9311
vn -0.0232 -0.9715 -0.2359
vn -0.0973 0.1216 -0.9878
vn -0.0077 0.9969 -0.0786
vn -0.0077 -0.9969 -0.0786
vn -0.0973 -0.1216 -0.9878
vn -0.0232 0.9715 -0.2359
vn -0.0917 -0.3529 -0.9311
vn -0.0387 0.9187 -0.3930
vn -0.0816 -0.5535 -0.8288
vn -0.0540 0.8346 -0.5482
vn 0.0938 -0.2890 -0.9527
vn 0.0464 0.8810 -0.4709
vn 0.0865 -0.4696 -0.8786
vn 0.0624 0.7715 -0.6332
vn 0.0759 -0.6326 -0.7708
vn 0.0759 0.6326 -0.7708
vn 0.0624 -0.7715 -0.6332
vn 0.0865 0.4696 -0.8786
vn 0.0464 -0.8810 -0.4709
vn 0.0938 0.2890 -0.9527
vn 0.0286 -0.9565 -0.2902
vn 0.0976 0.0975 -0.9904
vn 0.0096 0.9951 -0.0980
vn 0.0097 -0.9951 -0.0980
vn 0.0976 -0.0975 -0.9904
vn 0.0286 0.9565 -0.2902
vn 0.2889 -0.0975 -0.9524
vn 0.0846 0.9565 -0.2790
vn 0.2779 -0.2890 -0.9161
vn 0.1374 0.8810 -0.4528
vn 0.2563 -0.4696 -0.8448
vn 0.1847 0.7715 -0.6088
vn 0.2248 -0.6326 -0.7412
vn 0.2248 0.6326 -0.7412
vn 0.1847 -0.7715 -0.6088
vn 0.2563 0.4696 -0.8448
vn 0.1374 -0.8810 -0.4528
vn 0.2779 0.2890 -0.9161
vn 0.0846 -0.9565 -0.2790
vn 0.2889 0.0975 -0.9524
vn 0.0286 0.9951 -0.0942
vn 0.0286 -0.9951 -0.0942
vn 0.2999 -0.7715 -0.5611
vn 0.4162 0.4696 -0.7786
vn 0.2230 -0.8810 -0.4173
vn 0.4513 0.2890 -0.8443
vn 0.1374 -0.9565 -0.2571
vn 0.4691 0.0975 -0.8777
vn 0.0464 0.9951 -0.0869
vn 0.0464 -0.9951 -0.0869
vn 0.4691 -0.0975 -0.8777
vn 0.1374 0.9565 -0.2571
vn 0.4513 -0.2890 -0.8443
vn 0.2230 0.8810 -0.4173
vn 0.4162 -0.4696 -0.7786
vn 0.2999 0.7715 -0.5611
vn 0.3651 -0.6326 -0.6831
vn 0.3651 0.6326 -0.6831
vn 0.1850 0.9565 -0.2254
vn 0.6073 -0.2890 -0.7400
vn 0.3002 0.8810 -0.3658
vn 0.5601 -0.4696 -0.6825
vn 0.4036 0.7715 -0.4918
vn 0.4913 -0.6326 -0.5987
vn 0.4913 0.6326 -0.5987
vn 0.4036 -0.7715 -0.4918
vn 0.5601 0.4696 -0.6825
vn 0.3002 -0.8810 -0.3658
vn 0.6073 0.2890 -0.7400
vn 0.1850 -0.9565 -0.2254
vn 0.6314 0.0975 -0.7693
vn 0.0625 0.9951 -0.0761
vn 0.0625 -0.9951 -0.0761
vn 0.6314 -0.0975 -0.7693
vn 0.6825 0.4696 -0.5601
vn 0.3658 -0.8810 -0.3002
vn 0.7400 0.2890 -0.6073
vn 0.2254 -0.9565 -0.1850
vn 0.7693 0.0976 -0.6314
vn 0.0761 0.9951 -0.0625
vn 0.0761 -0.9951 -0.0625
vn 0.7693 -0.0976 -0.6314
vn 0.2254 0.9565 -0.1850
vn 0.7400 -0.2890 -0.6073
vn 0.3658 0.8810 -0.3002
vn 0.6825 -0.4696 -0.5601
vn 0.4918 0.7715 -0.4036
vn 0.5987 -0.6326 -0.4913
vn 0.5987 0.6326 -0.4913
vn 0.4918 -0.7715 -0.4036
vn 0.8443 -0.2890 -0.4513
vn 0.4173 0.8810 -0.2231
vn 0.7786 -0.4696 -0.4162
vn 0.5611 0.7715 -0.2999
vn 0.6831 -0.6326 -0.3651
vn 0.6831 0.6326 -0.3651
vn 0.5611 -0.7715 -0.2999
vn 0.7786 0.4696 -0.4162
vn 0.4173 -0.8810 -0.2230
vn 0.8443 0.2890 -0.4513
vn 0.2571 -0.9565 -0.1374
vn 0.8777 0.0976 -0.4691
vn 0.0869 0.9951 -0.0464
vn 0.0869 -0.9951 -0.0464
vn 0.8777 -0.0976 -0.4691
vn 0.2571 0.9565 -0.1374
vn 0.4528 -0.8810 -0.1374
vn 0.9161 0.2890 -0.2779
vn 0.2790 -0.9565 -0.0846
vn 0.9524 0.0975 -0.2889
vn 0.0942 0.9951 -0.0286
vn 0.0942 -0.9951 -0.0286
vn 0.9524 -0.0975 -0.2889
vn 0.2790 0.9565 -0.0846
vn 0.9161 -0.2890 -0.2779
vn 0.4528 0.8810 -0.1374
vn 0.8448 -0.4696 -0.2563
vn 0.6088 0.7715 -0.1847
vn 0.7412 -0.6326 -0.2248
vn 0.7412 0.6326 -0.2248
vn 0.6088 -0.7715 -0.1847
vn 0.8448 0.4696 -0.2563
vn 0.8786 -0.4696 -0.0865
vn 0.6332 0.7715 -0.0624
vn 0.7708 -0.6326 -0.0759
vn 0.7708 0.6326 -0.0759
vn 0.6332 -0.7715 -0.0624
vn 0.8786 0.4696 -0.0865
vn 0.4709 -0.8810 -0.0464
vn 0.9527 0.2890 -0.0938
vn 0.2902 -0.9565 -0.0286
vn 0.9904 0.0975 -0.0975
vn 0.0980 0.9951 -0.0096
vn 0.0980 -0.9951 -0.0097
vn 0.9904 -0.0976 -0.0975
vn 0.2902 0.9566 -0.0286
vn 0.9527 -0.2890 -0.0938
vn 0.4709 0.8810 -0.0464
vn 0.2902 -0.9565 0.0286
vn 0.9904 0.0975 0.0976
vn 0.0980 0.9951 0.0096
vn 0.0980 -0.9951 0.0097
vn 0.9904 -0.0975 0.0976
vn 0.2902 0.9565 0.0286
vn 0.9527 -0.2890 0.0938
vn 0.4709 0.8810 0.0464
vn 0.8786 -0.4696 0.0865
vn 0.6332 0.7715 0.0624
vn 0.7708 -0.6326 0.0759
vn 0.7708 0.6326 0.0759
vn 0.6332 -0.7715 0.0624
vn 0.8786 0.4696 0.0865
vn 0.4709 -0.8810 0.0464
vn 0.9527 0.2890 0.0938
vn 0.6088 0.7715 0.1847
vn 0.7412 -0.6326 0.2248
vn 0.7412 0.6326 0.2248
vn 0.6088 -0.7715 0.1847
vn 0.8448 0.4696 0.2563
vn 0.4528 -0.8810 0.1374
vn 0.9161 0.2890 0.2779
vn 0.2790 -0.9565 0.0846
vn 0.9524 0.0975 0.2889
vn 0.0942 0.9951 0.0286
vn 0.0942 -0.9951 0.0286
vn 0.9524 -0.0975 0.2889
vn 0.2790 0.9565 0.0846
vn 0.9161 -0.2890 0.2779
vn 0.4528 0.8810 0.1374
vn 0.8448 -0.4696 0.2563
vn 0.8777 0.0975 0.4691
vn 0.0869 0.9951 0.0464
vn 0.0869 -0.9951 0.0464
vn 0.8777 -0.0975 0.4691
vn 0.2571 0.9565 0.1374
vn 0.8443 -0.2890 0.4513
vn 0.4173 0.8810 0.2230
vn 0.7786 -0.4696 0.4162
vn 0.5611 0.7715 0.2999
vn 0.6831 -0.6326 0.3651
vn 0.6831 0.6326 0.3651
vn 0.5611 -0.7715 0.2999
vn 0.7786 0.4696 0.4162
vn 0.4173 -0.8810 0.2230
vn 0.8443 0.2890 0.4513
vn 0.2571 -0.9565 0.1374
vn 0.5987 -0.6326 0.4913
vn 0.5987 0.6326 0.4913
vn 0.4918 -0.7715 0.4036
vn 0.6825 0.4696 0.5601
vn 0.3658 -0.8810 0.3002
vn 0.7400 0.2890 0.6073
vn 0.2254 -0.9565 0.1850
vn 0.7693 0.0975 0.6314
vn 0.0761 0.9951 0.0625
vn 0.0761 -0.9951 0.0625
vn 0.7693 -0.0975 0.6314
vn 0.2254 0.9565 0.1850
vn 0.7400 -0.2890 0.6073
vn 0.3658 0.8810 0.3002
vn 0.6825 -0.4696 0.5601
vn 0.4918 0.7715 0.4036
vn 0.0625 0.9951 0.0761
vn 0.0625 -0.9951 0.0761
vn 0.6314 -0.0975 0.7693
vn 0.1850 0.9565 0.2254
vn 0.6073 -0.2890 0.7400
vn 0.3002 0.8810 0.3658
vn 0.5601 -0.4696 0.6825
vn 0.4036 0.7715 0.4918
vn 0.4913 -0.6326 0.5987
vn 0.4913 0.6326 0.5987
vn 0.4036 -0.7715 0.4918
vn 0.5601 0.4696 0.6825
vn 0.3002 -0.8810 0.3658
vn 0.6073 0.2890 0.7400
vn 0.1850 -0.9565 0.2254
vn 0.6314 0.0975 0.7693
vn 0.3651 0.6326 0.6831
vn 0.2999 -0.7715 0.5611
vn 0.4162 0.4696 0.7786
vn 0.2230 -0.8810 0.4173
vn 0.4513 0.2890 0.8443
vn 0.1374 -0.9565 0.2571
vn 0.4691 0.0975 0.8777
vn 0.0464 0.9951 0.0869
vn 0.0464 -0.9951 0.0869
vn 0.4691 -0.0975 0.8777
vn 0.1374 0.9565 0.2571
vn 0.4513 -0.2890 0.8443
vn 0.2231 0.8810 0.4173
vn 0.4162 -0.4696 0.7786
vn 0.2999 0.7715 0.5611
vn 0.3651 -0.6326 0.6831
vn 0.2889 -0.0975 0.9524
vn 0.0846 0.9565 0.2790
vn 0.2779 -0.2890 0.9161
vn 0.1374 0.8810 0.4528
vn 0.2563 -0.4696 0.8448
vn 0.1847 0.7715 0.6088
vn 0.2248 -0.6326 0.7412
vn 0.2248 0.6326 0.7412
vn 0.1847 -0.7715 0.6088
vn 0.2563 0.4696 0.8448
vn 0.1374 -0.8810 0.4528
vn 0.2779 0.2890 0.9161
vn 0.0846 -0.9565 0.2790
vn 0.2889 0.0975 0.9524
vn 0.0286 0.9951 0.0942
vn 0.0286 -0.9951 0.0942
vn 0.0624 -0.7715 0.6332
vn 0.0865 0.4696 0.8786
vn 0.0464 -0.8810 0.4709
vn 0.0938 0.2890 0.9527
vn 0.0286 -0.9565 0.2902
vn 0.0975 0.0975 0.9904
vn 0.0096 0.9951 0.0980
vn 0.0097 -0.9951 0.0980
vn 0.0975 -0.0975 0.9904
vn 0.0286 0.9565 0.2902
vn 0.0938 -0.2890 0.9527
vn 0.0464 0.8810 0.4709
vn 0.0865 -0.4696 0.8786
vn 0.0624 0.7715 0.6332
vn 0.0759 -0.6326 0.7708
vn 0.0759 0.6326 0.7708
vn -0.0938 -0.2890 0.9527
vn -0.0464 0.8810 0.4709
vn -0.0865 -0.4696 0.8786
vn -0.0624 0.7715 0.6332
vn -0.0759 -0.6326 0.7708
vn -0.0759 0.6326 0.7708
vn -0.0624 -0.7715 0.6332
vn -0.0865 0.4696 0.8786
vn -0.0464 -0.8810 0.4709
vn -0.0938 0.2890 0.9527
vn -0.0286 -0.9565 0.2902
vn -0.0975 0.0975 0.9904
vn -0.0097 0.9951 0.0980
vn -0.0097 -0.9951 0.0980
vn -0.0976 -0.0975 0.9904
vn -0.0286 0.9566 0.2902
vn -0.1374 -0.8810 0.4528
vn -0.2779 0.2890 0.9161
vn -0.0846 -0.9565 0.2790
vn -0.2889 0.0975 0.9524
vn -0.0286 0.9951 0.0942
vn -0.0286 -0.9951 0.0942
vn -0.2889 -0.0975 0.9524
vn -0.0846 0.9565 0.2790
vn -0.2779 -0.2890 0.9161
vn -0.1374 0.8810 0.4528
vn -0.2563 -0.4696 0.8448
vn -0.1847 0.7715 0.6088
vn -0.2248 -0.6326 0.7412
vn -0.2248 0.6326 0.7412
vn -0.1847 -0.7715 0.6088
vn -0.2563 0.4696 0.8448
vn -0.2230 0.8810 0.4173
vn -0.4162 -0.4696 0.7786
vn -0.2999 0.7715 0.5611
vn -0.3651 -0.6326 0.6831
vn -0.3651 0.6326 0.6831
vn -0.2999 -0.7715 0.5611
vn -0.4162 0.4696 0.7786
vn -0.2230 -0.8810 0.4173
vn -0.4513 0.2890 0.8443
vn -0.1374 -0.9565 0.2571
vn -0.4691 0.0975 0.8777
vn -0.0464 0.9951 0.0868
vn -0.0464 -0.9951 0.0869
vn -0.4691 -0.0975 0.8777
vn -0.1374 0.9565 0.2571
vn -0.4513 -0.2890 0.8443
vn -0.6073 0.2890 0.7400
vn -0.1850 -0.9565 0.2254
vn -0.6314 0.0975 0.7693
vn -0.0625 0.9951 0.0761
vn -0.0625 -0.9951 0.0761
vn -0.6314 -0.0975 0.7693
vn -0.1850 0.9565 0.2254
vn -0.6073 -0.2890 0.7400
vn -0.3002 0.8810 0.3658
vn -0.5601 -0.4696 0.6825
vn -0.4036 0.7715 0.4918
vn -0.4913 -0.6326 0.5987
vn -0.4913 0.6326 0.5987
vn -0.4036 -0.7715 0.4918
vn -0.5601 0.4696 0.6825
vn -0.3002 -0.8810 0.3658
vn -0.6825 -0.4696 0.5601
vn -0.4918 0.7715 0.4036
vn -0.5987 -0.6326 0.4913
vn -0.5987 0.6326 0.4913
vn -0.4918 -0.7715 0.4036
vn -0.6825 0.4696 0.5601
vn -0.3658 -0.8810 0.3002
vn -0.7400 0.2890 0.6073
vn -0.2254 -0.9565 0.1850
vn -0.7693 0.0975 0.6314
vn -0.0761 0.9951 0.0625
vn -0.0761 -0.9951 0.0625
vn -0.7693 -0.0975 0.6314
vn -0.2254 0.9565 0.1850
vn -0.7400 -0.2890 0.6073
vn -0.3658 0.8810 0.3002
vn -0.2571 -0.9565 0.1374
vn -0.8777 0.0975 0.4691
vn -0.0869 0.9951 0.0464
vn -0.0869 -0.9951 0.0464
vn -0.8777 -0.0975 0.4691
vn -0.2571 0.9565 0.1374
vn -0.8443 -0.2890 0.4513
vn -0.4173 0.8810 0.2231
vn -0.7786 -0.4696 0.4162
vn -0.5611 0.7715 0.2999
vn -0.6831 -0.6326 0.3651
vn -0.6831 0.6326 0.3651
vn -0.5611 -0.7715 0.2999
vn -0.7786 0.4696 0.4162
vn -0.4173 -0.8810 0.2231
vn -0.8443 0.2890 0.4513
vn -0.6088 0.7715 0.1847
vn -0.7412 -0.6326 0.2248
vn -0.7412 0.6326 0.2248
vn -0.6088 -0.7715 0.1847
vn -0.8448 0.4696 0.2563
vn -0.4528 -0.8810 0.1374
vn -0.9161 0.2890 0.2779
vn -0.2790 -0.9565 0.0846
vn -0.9524 0.0975 0.2889
vn -0.0942 0.9951 0.0286
vn -0.0942 -0.9951 0.0286
vn -0.9524 -0.0975 0.2889
vn -0.2790 0.9565 0.0846
vn -0.9161 -0.2890 0.2779
vn -0.4528 0.8810 0.1374
vn -0.8448 -0.4696 0.2563
vn -0.9904 0.0975 0.0975
vn -0.0980 0.9951 0.0096
vn -0.0980 -0.9951 0.0097
vn -0.9904 -0.0975 0.0975
vn -0.2902 0.9565 0.0286
vn -0.9527 -0.2890 0.0938
vn -0.4709 0.8810 0.0464
vn -0.8786 -0.4696 0.0865
vn -0.6332 0.7715 0.0624
vn -0.7708 -0.6326 0.0759
vn -0.7708 0.6326 0.0759
vn -0.6332 -0.7715 0.0624
vn -0.8786 0.4696 0.0865
vn -0.4709 -0.8810 0.0464
vn -0.9527 0.2890 0.0938
vn -0.2902 -0.9565 0.0286
vn -0.7708 -0.6326 -0.0759
vn -0.7708 0.6326 -0.0759
vn -0.6332 -0.7715 -0.0624
vn -0.8786 0.4696 -0.0865
vn -0.4709 -0.8810 -0.0464
vn -0.9527 0.2890 -0.0938
vn -0.2902 -0.9565 -0.0286
vn -0.9904 0.0975 -0.0976
vn -0.0980 0.9951 -0.0096
vn -0.0980 -0.9951 -0.0097
vn -0.9904 -0.0975 -0.0975
vn -0.2902 0.9565 -0.0286
vn -0.9527 -0.2890 -0.0938
vn -0.4709 0.8810 -0.0464
vn -0.8786 -0.4696 -0.0865
vn -0.6332 0.7715 -0.0624
vn -0.0942 -0.9951 -0.0286
vn -0.9524 -0.0975 -0.2889
vn -0.2790 0.9565 -0.0846
vn -0.9161 -0.2890 -0.2779
vn -0.4528 0.8810 -0.1374
vn -0.8448 -0.4696 -0.2563
vn -0.6088 0.7715 -0.1847
vn -0.7412 -0.6326 -0.2248
vn -0.7412 0.6326 -0.2248
vn -0.6088 -0.7715 -0.1847
vn -0.8448 0.4696 -0.2563
vn -0.4528 -0.8810 -0.1374
vn -0.9161 0.2890 -0.2779
vn -0.2790 -0.9565 -0.0846
vn -0.9524 0.0975 -0.2889
vn -0.0942 0.9951 -0.0286
vn -0.5611 -0.7715 -0.2999
vn -0.7786 0.4696 -0.4162
vn -0.4173 -0.8810 -0.2231
vn -0.8443 0.2890 -0.4513
vn -0.2571 -0.9565 -0.1374
vn -0.8777 0.0975 -0.4691
vn -0.0869 0.9951 -0.0464
vn -0.0869 -0.9951 -0.0464
vn -0.8777 -0.0975 -0.4691
vn -0.2571 0.9565 -0.1374
vn -0.8443 -0.2890 -0.4513
vn -0.4173 0.8810 -0.2231
vn -0.7786 -0.4696 -0.4162
vn -0.5611 0.7715 -0.2999
vn -0.6831 -0.6326 -0.3651
vn -0.6831 0.6326 -0.3651
vn -0.2254 0.9565 -0.1850
vn -0.7400 -0.2890 -0.6073
vn -0.3658 0.8810 -0.3002
vn -0.6825 -0.4696 -0.5601
vn -0.4918 0.7715 -0.4036
vn -0.5987 -0.6326 -0.4913
vn -0.5987 0.6326 -0.4913
vn -0.4918 -0.7715 -0.4036
vn -0.6825 0.4696 -0.5601
vn -0.3658 -0.8810 -0.3002
vn -0.7400 0.2890 -0.6073
vn -0.2254 -0.9565 -0.1850
vn -0.7693 0.0975 -0.6314
vn -0.0761 0.9951 -0.0625
vn -0.0761 -0.9951 -0.0625
vn -0.7693 -0.0975 -0.6314
vn -0.5601 0.4696 -0.6825
vn -0.3002 -0.8810 -0.3658
vn -0.6073 0.2890 -0.7400
vn -0.1850 -0.9565 -0.2254
vn -0.6314 0.0975 -0.7693
vn -0.0625 0.9951 -0.0761
vn -0.0625 -0.9951 -0.0761
vn -0.6314 -0.0975 -0.7693
vn -0.1850 0.9565 -0.2254
vn -0.6073 -0.2890 -0.7400
vn -0.3002 0.8810 -0.3658
vn -0.5601 -0.4696 -0.6825
vn -0.4036 0.7715 -0.4918
vn -0.4913 -0.6326 -0.5987
vn -0.4913 0.6326 -0.5987
vn -0.4036 -0.7715 -0.4918
vn -0.4513 -0.2890 -0.8443
vn -0.2231 0.8810 -0.4173
vn -0.4162 -0.4696 -0.7786
vn -0.2999 0.7715 -0.5611
vn -0.3651 -0.6326 -0.6831
vn -0.3651 0.6326 -0.6831
vn -0.2999 -0.7715 -0.5611
vn -0.4162 0.4696 -0.7786
vn -0.2231 -0.8810 -0.4173
vn -0.4513 0.2890 -0.8443
vn -0.1374 -0.9565 -0.2571
vn -0.4691 0.0975 -0.8777
vn -0.0464 0.9951 -0.0869
vn -0.0464 -0.9951 -0.0869
vn -0.4691 -0.0975 -0.8777
vn -0.1374 0.9565 -0.2571
vn -0.1374 -0.8810 -0.4528
vn -0.2779 0.2890 -0.9161
vn -0.0846 -0.9565 -0.2790
vn -0.2889 0.0975 -0.9524
vn -0.0286 0.9951 -0.0942
vn -0.0286 -0.9951 -0.0942
vn -0.2889 -0.0975 -0.9524
vn -0.0846 0.9565 -0.2790
vn -0.2779 -0.2890 -0.9161
vn -0.1374 0.8810 -0.4528
vn -0.2563 -0.4696 -0.8448
vn -0.1847 0.7715 -0.6088
vn -0.2248 -0.6326 -0.7412
vn -0.2248 0.6326 -0.7412
vn -0.1847 -0.7715 -0.6088
vn -0.2563 0.4696 -0.8448
vn -0.0464 0.8810 -0.4709
vn -0.0865 -0.4696 -0.8786
vn -0.0624 0.7715 -0.6332
vn -0.0759 -0.6326 -0.7708
vn -0.0759 0.6326 -0.7708
vn -0.0624 -0.7715 -0.6332
vn -0.0865 0.4696 -0.8786
vn -0.0464 -0.8810 -0.4709
vn -0.0938 0.2890 -0.9527
vn -0.0286 -0.9565 -0.2902
vn -0.0976 0.0975 -0.9904
vn -0.0096 0.9951 -0.0980
vn -0.0097 -0.9951 -0.0980
vn -0.0976 -0.0975 -0.9904
vn -0.0286 0.9565 -0.2902
vn -0.0938 -0.2890 -0.9527
vn 0.0975 0.0975 -0.9904
vn 0.0975 -0.0975 -0.9904
vn 0.0286 0.9566 -0.2902
vn 0.2231 0.8810 -0.4173
vn 0.2254 -0.9566 -0.1850
vn 0.7693 0.0975 -0.6314
vn 0.7693 -0.0975 -0.6314
vn 0.4173 -0.8810 -0.2231
vn 0.8777 0.0975 -0.4691
vn 0.0868 0.9951 -0.0464
vn 0.8777 -0.0975 -0.4691
vn 0.9904 -0.0975 -0.0975
vn 0.2902 0.9565 -0.0286
vn 0.4173 0.8810 0.2231
vn 0.0097 0.9951 0.0980
vn -0.0096 0.9951 0.0980
vn -0.0975 -0.0975 0.9904
vn -0.0286 0.9565 0.2902
vn -0.2231 0.8810 0.4173
vn -0.2231 -0.8810 0.4173
vn -0.0868 0.9951 0.0464
vn -0.4173 0.8810 0.2230
vn -0.4173 -0.8810 0.2230
vn -0.0980 0.9951 0.0097
vn -0.9904 -0.0975 -0.0976
vn -0.1374 0.9566 -0.2571
vn -0.9641 0.1652 -0.2081
vn -0.6974 0.4434 -0.5631
vn -0.2524 0.5969 -0.7616
vn 0.2524 0.5969 -0.7616
vn 0.6974 0.4434 -0.5631
vn 0.9641 0.1652 -0.2081
vn 0.9640 -0.1664 0.2074
vn 0.6965 -0.4516 0.5576
vn 0.2516 -0.6112 0.7504
vn -0.2516 -0.6112 0.7504
vn -0.6965 -0.4516 0.5576
vn -0.9640 -0.1664 0.2074
vn -0.9641 0.0007 -0.2657
vn -0.6974 0.0052 -0.7167
vn -0.2524 0.0094 -0.9676
vn 0.2524 0.0094 -0.9676
vn 0.6974 0.0052 -0.7167
vn 0.9641 0.0007 -0.2657
vn 0.9640 0.0007 0.2659
vn 0.6965 0.0057 0.7176
vn 0.2516 0.0106 0.9678
vn -0.2516 0.0106 0.9678
vn -0.6965 0.0057 0.7176
vn -0.9640 0.0007 0.2659
vn 0.7716 0.1652 -0.6143
vn 0.8775 0.4434 -0.1830
vn 0.7492 0.5969 0.2871
vn 0.4296 0.5969 0.6777
vn -0.0059 0.4434 0.8963
vn -0.4496 0.1652 0.8778
vn -0.7710 -0.1664 0.6147
vn -0.8727 -0.4516 0.1859
vn -0.7401 -0.6112 -0.2806
vn -0.4214 -0.6112 -0.6700
vn 0.0096 -0.4516 -0.8922
vn 0.4500 -0.1664 -0.8774
vn 0.8162 0.0007 -0.5778
vn 0.9963 0.0052 -0.0858
vn 0.9086 0.0094 0.4175
vn 0.5889 0.0094 0.8081
vn 0.1129 0.0052 0.9936
vn -0.4050 0.0007 0.9143
vn -0.8163 0.0007 0.5776
vn -0.9964 0.0057 0.0845
vn -0.9083 0.0106 -0.4182
vn -0.5896 0.0106 -0.8076
vn -0.1142 0.0057 -0.9934
vn 0.4048 0.0007 -0.9144
vn -0.1409 0.2252 0.9641
vn -0.3826 0.6061 0.6974
vn -0.5184 0.8171 0.2524
vn -0.5184 0.8171 -0.2524
vn -0.3826 0.6061 -0.6974
vn -0.1409 0.2252 -0.9641
vn 0.1399 -0.2261 -0.9640
vn 0.3746 -0.6120 -0.6965
vn 0.5030 -0.8268 -0.2516
vn 0.5030 -0.8268 0.2516
vn 0.3746 -0.6120 0.6965
vn 0.1399 -0.2261 0.9640
vn -0.2501 0.0895 0.9641
vn -0.6737 0.2444 0.6974
vn -0.9088 0.3322 0.2524
vn -0.9088 0.3322 -0.2524
vn -0.6737 0.2444 -0.6974
vn -0.2501 0.0895 -0.9641
vn 0.2509 -0.0882 -0.9640
vn 0.6782 -0.2345 -0.6965
vn 0.9157 -0.3134 -0.2516
vn 0.9157 -0.3134 0.2516
vn 0.6782 -0.2345 0.6965
vn 0.2509 -0.0882 0.9640
vn 0.1409 0.2252 -0.9641
vn 0.3826 0.6061 -0.6974
vn 0.5184 0.8171 -0.2524
vn 0.5184 0.8171 0.2524
vn 0.3826 0.6061 0.6974
vn 0.1409 0.2252 0.9641
vn -0.1399 -0.2261 0.9640
vn -0.3746 -0.6120 0.6965
vn -0.5030 -0.8268 0.2516
vn -0.5030 -0.8268 -0.2516
vn -0.3746 -0.6120 -0.6965
vn -0.1399 -0.2261 -0.9640
vn 0.2501 0.0895 -0.9641
vn 0.6737 0.2444 -0.6974
vn 0.9088 0.3322 -0.2524
vn 0.9088 0.3322 0.2524
vn 0.6737 0.2444 0.6974
vn 0.2501 0.0895 0.9641
vn -0.2509 -0.0882 0.9640
vn -0.6782 -0.2345 0.6965
vn -0.9157 -0.3134 0.2516
vn -0.9157 -0.3134 -0.2516
vn -0.6782 -0.2345 -0.6965
vn -0.2509 -0.0882 -0.9640
vt 0.000000 1.000000
vt 0.500000 1.000000
vt 0.500000 0.916667
vt 0.000000 0.916667
vt 0.000000 0.083333
vt 0.500000 0.083333
vt 0.500000 0.000000
vt 0.000000 0.000000
vt 0.000000 0.166667
vt 0.500000 0.166667
vt 0.000000 0.250000
vt 0.500000 0.250000
vt 0.000000 0.333333
vt 0.500000 0.333333
vt 0.000000 0.416667
vt 0.500000 0.416667
vt 0.000000 0.500000
vt 0.500000 0.500000
vt 0.000000 0.583333
vt 0.500000 0.583333
vt 0.000000 0.666667
vt 0.500000 0.666667
vt 0.000000 0.750000
vt 0.500000 0.750000
vt 0.000000 0.833333
vt 0.500000 0.833333
vt 1.000000 1.000000
vt 1.000000 0.916667
vt 1.000000 0.083333
vt 1.000000 0.000000
vt 1.000000 0.166667
vt 1.000000 0.250000
vt 1.000000 0.333333
vt 1.000000 0.416667
vt 1.000000 0.500000
vt 1.000000 0.583333
vt 1.000000 0.666667
vt 1.000000 0.750000
vt 1.000000 0.833333
vt 0.750000 0.750000
vt 0.750000 0.812500
vt 0.718750 0.812500
vt 0.718750 0.750000
vt 0.750000 0.250000
vt 0.750000 0.312500
vt 0.718750 0.312500
vt 0.718750 0.250000
vt 0.750000 0.687500
vt 0.718750 0.687500
vt 0.750000 0.187500
vt 0.718750 0.187500
vt 0.750000 0.625000
vt 0.718750 0.625000
vt 0.750000 0.125000
vt 0.718750 0.125000
vt 0.750000 0.562500
vt 0.718750 0.562500
vt 0.750000 0.062500
vt 0.718750 0.062500
vt 0.750000 0.500000
vt 0.718750 0.500000
vt 0.750000 0.937500
vt 0.734375 1.000000
vt 0.718750 0.937500
vt 0.734375 0.000000
vt 0.750000 0.437500
vt 0.718750 0.437500
vt 0.750000 0.875000
vt 0.718750 0.875000
vt 0.750000 0.375000
vt 0.718750 0.375000
vt 0.687500 0.437500
vt 0.687500 0.375000
vt 0.687500 0.875000
vt 0.687500 0.812500
vt 0.687500 0.312500
vt 0.687500 0.750000
vt 0.687500 0.250000
vt 0.687500 0.687500
vt 0.687500 0.187500
vt 0.687500 0.625000
vt 0.687500 0.125000
vt 0.687500 0.562500
vt 0.687500 0.062500
vt 0.687500 0.500000
vt 0.703125 1.000000
vt 0.687500 0.937500
vt 0.703125 0.000000
vt 0.656250 0.187500
vt 0.656250 0.125000
vt 0.656250 0.625000
vt 0.656250 0.562500
vt 0.656250 0.062500
vt 0.656250 0.500000
vt 0.671875 1.000000
vt 0.656250 0.937500
vt 0.671875 0.000000
vt 0.656250 0.437500
vt 0.656250 0.875000
vt 0.656250 0.375000
vt 0.656250 0.812500
vt 0.656250 0.312500
vt 0.656250 0.750000
vt 0.656250 0.250000
vt 0.656250 0.687500
vt 0.625000 0.375000
vt 0.625000 0.312500
vt 0.625000 0.812500
vt 0.625000 0.750000
vt 0.625000 0.250000
vt 0.625000 0.687500
vt 0.625000 0.187500
vt 0.625000 0.625000
vt 0.625000 0.125000
vt 0.625000 0.562500
vt 0.625000 0.062500
vt 0.625000 0.500000
vt 0.640625 1.000000
vt 0.625000 0.937500
vt 0.640625 0.000000
vt 0.625000 0.437500
vt 0.625000 0.875000
vt 0.593750 0.125000
vt 0.593750 0.062500
vt 0.593750 0.562500
vt 0.593750 0.500000
vt 0.609375 1.000000
vt 0.593750 0.937500
vt 0.609375 0.000000
vt 0.593750 0.437500
vt 0.593750 0.875000
vt 0.593750 0.375000
vt 0.593750 0.812500
vt 0.593750 0.312500
vt 0.593750 0.750000
vt 0.593750 0.250000
vt 0.593750 0.687500
vt 0.593750 0.187500
vt 0.593750 0.625000
vt 0.562500 0.812500
vt 0.562500 0.750000
vt 0.562500 0.312500
vt 0.562500 0.250000
vt 0.562500 0.687500
vt 0.562500 0.187500
vt 0.562500 0.625000
vt 0.562500 0.125000
vt 0.562500 0.562500
vt 0.562500 0.062500
vt 0.562500 0.500000
vt 0.578125 1.000000
vt 0.562500 0.937500
vt 0.578125 0.000000
vt 0.562500 0.437500
vt 0.562500 0.875000
vt 0.562500 0.375000
vt 0.531250 0.562500
vt 0.531250 0.500000
vt 0.546875 1.000000
vt 0.531250 0.937500
vt 0.546875 0.000000
vt 0.531250 0.062500
vt 0.531250 0.437500
vt 0.531250 0.875000
vt 0.531250 0.375000
vt 0.531250 0.812500
vt 0.531250 0.312500
vt 0.531250 0.750000
vt 0.531250 0.250000
vt 0.531250 0.687500
vt 0.531250 0.187500
vt 0.531250 0.625000
vt 0.531250 0.125000
vt 0.500000 0.312500
vt 0.500000 0.687500
vt 0.500000 0.187500
vt 0.500000 0.625000
vt 0.500000 0.125000
vt 0.500000 0.562500
vt 0.500000 0.062500
vt 0.500000 0.500000
vt 0.515625 1.000000
vt 0.500000 0.937500
vt 0.515625 0.000000
vt 0.500000 0.437500
vt 0.500000 0.875000
vt 0.500000 0.375000
vt 0.500000 0.812500
vt 0.484375 1.000000
vt 0.468750 0.937500
vt 0.484375 0.000000
vt 0.468750 0.062500
vt 0.468750 0.500000
vt 0.468750 0.437500
vt 0.468750 0.875000
vt 0.468750 0.375000
vt 0.468750 0.812500
vt 0.468750 0.312500
vt 0.468750 0.750000
vt 0.468750 0.250000
vt 0.468750 0.687500
vt 0.468750 0.187500
vt 0.468750 0.625000
vt 0.468750 0.125000
vt 0.468750 0.562500
vt 0.437500 0.750000
vt 0.437500 0.687500
vt 0.437500 0.250000
vt 0.437500 0.187500
vt 0.437500 0.625000
vt 0.437500 0.125000
vt 0.437500 0.562500
vt 0.437500 0.062500
vt 0.437500 0.500000
vt 0.453125 1.000000
vt 0.437500 0.937500
vt 0.453125 0.000000
vt 0.437500 0.437500
vt 0.437500 0.875000
vt 0.437500 0.375000
vt 0.437500 0.812500
vt 0.437500 0.312500
vt 0.406250 0.500000
vt 0.406250 0.437500
vt 0.406250 0.937500
vt 0.406250 0.875000
vt 0.406250 0.375000
vt 0.406250 0.812500
vt 0.406250 0.312500
vt 0.406250 0.750000
vt 0.406250 0.250000
vt 0.406250 0.687500
vt 0.406250 0.187500
vt 0.406250 0.625000
vt 0.406250 0.125000
vt 0.406250 0.562500
vt 0.406250 0.062500
vt 0.421875 1.000000
vt 0.421875 0.000000
vt 0.375000 0.250000
vt 0.375000 0.187500
vt 0.375000 0.687500
vt 0.375000 0.625000
vt 0.375000 0.125000
vt 0.375000 0.562500
vt 0.375000 0.062500
vt 0.375000 0.500000
vt 0.390625 1.000000
vt 0.375000 0.937500
vt 0.390625 0.000000
vt 0.375000 0.437500
vt 0.375000 0.875000
vt 0.375000 0.375000
vt 0.375000 0.812500
vt 0.375000 0.312500
vt 0.375000 0.750000
vt 0.343750 0.437500
vt 0.343750 0.375000
vt 0.343750 0.875000
vt 0.343750 0.812500
vt 0.343750 0.312500
vt 0.343750 0.750000
vt 0.343750 0.250000
vt 0.343750 0.687500
vt 0.343750 0.187500
vt 0.343750 0.625000
vt 0.343750 0.125000
vt 0.343750 0.562500
vt 0.343750 0.062500
vt 0.343750 0.500000
vt 0.359375 1.000000
vt 0.343750 0.937500
vt 0.359375 0.000000
vt 0.312500 0.187500
vt 0.312500 0.125000
vt 0.312500 0.625000
vt 0.312500 0.562500
vt 0.312500 0.062500
vt 0.312500 0.500000
vt 0.328125 1.000000
vt 0.312500 0.937500
vt 0.328125 0.000000
vt 0.312500 0.437500
vt 0.312500 0.875000
vt 0.312500 0.375000
vt 0.312500 0.812500
vt 0.312500 0.312500
vt 0.312500 0.750000
vt 0.312500 0.250000
vt 0.312500 0.687500
vt 0.281250 0.875000
vt 0.281250 0.812500
vt 0.281250 0.375000
vt 0.281250 0.312500
vt 0.281250 0.750000
vt 0.281250 0.250000
vt 0.281250 0.687500
vt 0.281250 0.187500
vt 0.281250 0.625000
vt 0.281250 0.125000
vt 0.281250 0.562500
vt 0.281250 0.062500
vt 0.281250 0.500000
vt 0.296875 1.000000
vt 0.281250 0.937500
vt 0.296875 0.000000
vt 0.281250 0.437500
vt 0.250000 0.625000
vt 0.250000 0.562500
vt 0.250000 0.125000
vt 0.250000 0.062500
vt 0.250000 0.500000
vt 0.265625 1.000000
vt 0.250000 0.937500
vt 0.265625 0.000000
vt 0.250000 0.437500
vt 0.250000 0.875000
vt 0.250000 0.375000
vt 0.250000 0.812500
vt 0.250000 0.312500
vt 0.250000 0.750000
vt 0.250000 0.250000
vt 0.250000 0.687500
vt 0.250000 0.187500
vt 0.218750 0.375000
vt 0.218750 0.312500
vt 0.218750 0.812500
vt 0.218750 0.750000
vt 0.218750 0.250000
vt 0.218750 0.687500
vt 0.218750 0.187500
vt 0.218750 0.625000
vt 0.218750 0.125000
vt 0.218750 0.562500
vt 0.218750 0.062500
vt 0.218750 0.500000
vt 0.234375 1.000000
vt 0.218750 0.937500
vt 0.234375 0.000000
vt 0.218750 0.437500
vt 0.218750 0.875000
vt 0.187500 0.125000
vt 0.187500 0.062500
vt 0.187500 0.562500
vt 0.187500 0.500000
vt 0.203125 1.000000
vt 0.187500 0.937500
vt 0.203125 0.000000
vt 0.187500 0.437500
vt 0.187500 0.875000
vt 0.187500 0.375000
vt 0.187500 0.812500
vt 0.187500 0.312500
vt 0.187500 0.750000
vt 0.187500 0.250000
vt 0.187500 0.687500
vt 0.187500 0.187500
vt 0.187500 0.625000
vt 0.156250 0.812500
vt 0.156250 0.750000
vt 0.156250 0.312500
vt 0.156250 0.250000
vt 0.156250 0.687500
vt 0.156250 0.187500
vt 0.156250 0.625000
vt 0.156250 0.125000
vt 0.156250 0.562500
vt 0.156250 0.062500
vt 0.156250 0.500000
vt 0.171875 1.000000
vt 0.156250 0.937500
vt 0.171875 0.000000
vt 0.156250 0.437500
vt 0.156250 0.875000
vt 0.156250 0.375000
vt 0.125000 0.562500
vt 0.125000 0.500000
vt 0.140625 1.000000
vt 0.125000 0.937500
vt 0.140625 0.000000
vt 0.125000 0.062500
vt 0.125000 0.437500
vt 0.125000 0.875000
vt 0.125000 0.375000
vt 0.125000 0.812500
vt 0.125000 0.312500
vt 0.125000 0.750000
vt 0.125000 0.250000
vt 0.125000 0.687500
vt 0.125000 0.187500
vt 0.125000 0.625000
vt 0.125000 0.125000
vt 0.093750 0.312500
vt 0.093750 0.250000
vt 0.093750 0.750000
vt 0.093750 0.687500
vt 0.093750 0.187500
vt 0.093750 0.625000
vt 0.093750 0.125000
vt 0.093750 0.562500
vt 0.093750 0.062500
vt 0.093750 0.500000
vt 0.109375 1.000000
vt 0.093750 0.937500
vt 0.109375 0.000000
vt 0.093750 0.437500
vt 0.093750 0.875000
vt 0.093750 0.375000
vt 0.093750 0.812500
vt 0.078125 0.000000
vt 0.062500 0.062500
vt 0.062500 0.500000
vt 0.062500 0.437500
vt 0.062500 0.937500
vt 0.062500 0.875000
vt 0.062500 0.375000
vt 0.062500 0.812500
vt 0.062500 0.312500
vt 0.062500 0.750000
vt 0.062500 0.250000
vt 0.062500 0.687500
vt 0.062500 0.187500
vt 0.062500 0.625000
vt 0.062500 0.125000
vt 0.062500 0.562500
vt 0.078125 1.000000
vt 0.031250 0.250000
vt 0.031250 0.187500
vt 0.031250 0.687500
vt 0.031250 0.625000
vt 0.031250 0.125000
vt 0.031250 0.562500
vt 0.031250 0.062500
vt 0.031250 0.500000
vt 0.046875 1.000000
vt 0.031250 0.937500
vt 0.046875 0.000000
vt 0.031250 0.437500
vt 0.031250 0.875000
vt 0.031250 0.375000
vt 0.031250 0.812500
vt 0.031250 0.312500
vt 0.031250 0.750000
vt 0.000000 0.937500
vt 0.000000 0.875000
vt 0.000000 0.437500
vt 0.000000 0.375000
vt 0.000000 0.812500
vt 0.000000 0.312500
vt 0.000000 0.750000
vt 0.000000 0.687500
vt 0.000000 0.187500
vt 0.000000 0.625000
vt 0.000000 0.125000
vt 0.000000 0.562500
vt 0.000000 0.062500
vt 0.015625 1.000000
vt 0.015625 0.000000
vt 1.000000 0.625000
vt 1.000000 0.687500
vt 0.968750 0.687500
vt 0.968750 0.625000
vt 1.000000 0.125000
vt 1.000000 0.187500
vt 0.968750 0.187500
vt 0.968750 0.125000
vt 1.000000 0.562500
vt 0.968750 0.562500
vt 1.000000 0.062500
vt 0.968750 0.062500
vt 0.968750 0.500000
vt 1.000000 0.937500
vt 0.984375 1.000000
vt 0.968750 0.937500
vt 0.984375 0.000000
vt 1.000000 0.437500
vt 0.968750 0.437500
vt 1.000000 0.875000
vt 0.968750 0.875000
vt 1.000000 0.375000
vt 0.968750 0.375000
vt 1.000000 0.812500
vt 0.968750 0.812500
vt 1.000000 0.312500
vt 0.968750 0.312500
vt 1.000000 0.750000
vt 0.968750 0.750000
vt 0.968750 0.250000
vt 0.937500 0.437500
vt 0.937500 0.375000
vt 0.937500 0.875000
vt 0.937500 0.812500
vt 0.937500 0.312500
vt 0.937500 0.750000
vt 0.937500 0.250000
vt 0.937500 0.687500
vt 0.937500 0.187500
vt 0.937500 0.625000
vt 0.937500 0.125000
vt 0.937500 0.562500
vt 0.937500 0.062500
vt 0.937500 0.500000
vt 0.953125 1.000000
vt 0.937500 0.937500
vt 0.953125 0.000000
vt 0.906250 0.187500
vt 0.906250 0.125000
vt 0.906250 0.625000
vt 0.906250 0.562500
vt 0.906250 0.062500
vt 0.906250 0.500000
vt 0.921875 1.000000
vt 0.906250 0.937500
vt 0.921875 0.000000
vt 0.906250 0.437500
vt 0.906250 0.875000
vt 0.906250 0.375000
vt 0.906250 0.812500
vt 0.906250 0.312500
vt 0.906250 0.750000
vt 0.906250 0.250000
vt 0.906250 0.687500
vt 0.875000 0.875000
vt 0.875000 0.812500
vt 0.875000 0.375000
vt 0.875000 0.312500
vt 0.875000 0.750000
vt 0.875000 0.250000
vt 0.875000 0.687500
vt 0.875000 0.187500
vt 0.875000 0.625000
vt 0.875000 0.125000
vt 0.875000 0.562500
vt 0.875000 0.062500
vt 0.875000 0.500000
vt 0.890625 1.000000
vt 0.875000 0.937500
vt 0.890625 0.000000
vt 0.875000 0.437500
vt 0.843750 0.625000
vt 0.843750 0.562500
vt 0.843750 0.125000
vt 0.843750 0.062500
vt 0.843750 0.500000
vt 0.859375 1.000000
vt 0.843750 0.937500
vt 0.859375 0.000000
vt 0.843750 0.437500
vt 0.843750 0.875000
vt 0.843750 0.375000
vt 0.843750 0.812500
vt 0.843750 0.312500
vt 0.843750 0.750000
vt 0.843750 0.250000
vt 0.843750 0.687500
vt 0.843750 0.187500
vt 0.812500 0.375000
vt 0.812500 0.312500
vt 0.812500 0.812500
vt 0.812500 0.750000
vt 0.812500 0.250000
vt 0.812500 0.687500
vt 0.812500 0.187500
vt 0.812500 0.625000
vt 0.812500 0.125000
vt 0.812500 0.562500
vt 0.812500 0.062500
vt 0.812500 0.500000
vt 0.828125 1.000000
vt 0.812500 0.937500
vt 0.828125 0.000000
vt 0.812500 0.437500
vt 0.812500 0.875000
vt 0.781250 0.125000
vt 0.781250 0.062500
vt 0.781250 0.562500
vt 0.781250 0.500000
vt 0.796875 1.000000
vt 0.781250 0.937500
vt 0.796875 0.000000
vt 0.781250 0.437500
vt 0.781250 0.875000
vt 0.781250 0.375000
vt 0.781250 0.812500
vt 0.781250 0.312500
vt 0.781250 0.750000
vt 0.781250 0.250000
vt 0.781250 0.687500
vt 0.781250 0.187500
vt 0.781250 0.625000
vt 0.765625 1.000000
vt 0.765625 0.000000
s 0
usemtl Material.001
f 1/1/1 13/2/1 24/3/1 12/4/1
f 2/5/2 14/6/2 13/7/2 1/8/2
f 3/9/3 15/10/3 14/6/3 2/5/3
f 4/11/4 16/12/4 15/10/4 3/9/4
f 5/13/5 17/14/5 16/12/5 4/11/5
f 6/15/6 18/16/6 17/14/6 5/13/6
f 7/17/7 19/18/7 18/16/7 6/15/7
f 8/19/8 20/20/8 19/18/8 7/17/8
f 9/21/9 21/22/9 20/20/9 8/19/9
f 10/23/10 22/24/10 21/22/10 9/21/10
f 11/25/11 23/26/11 22/24/11 10/23/11
f 12/4/12 24/3/12 23/26/12 11/25/12
f 13/2/13 25/27/13 36/28/13 24/3/13
f 14/6/14 26/29/14 25/30/14 13/7/14
f 15/10/15 27/31/15 26/29/15 14/6/15
f 16/12/16 28/32/16 27/31/16 15/10/16
f 17/14/17 29/33/17 28/32/17 16/12/17
f 18/16/18 30/34/18 29/33/18 17/14/18
f 19/18/19 31/35/19 30/34/19 18/16/19
f 20/20/20 32/36/20 31/35/20 19/18/20
f 21/22/21 33/37/21 32/36/21 20/20/21
f 22/24/22 34/38/22 33/37/22 21/22/22
f 23/26/23 35/39/23 34/38/23 22/24/23
f 24/3/24 36/28/24 35/39/24 23/26/24
f 512/40/25 38/41/25 47/42/25 48/43/25
f 515/44/26 43/45/26 55/46/26 56/47/26
f 39/48/27 512/40/27 48/43/27 49/49/27
f 516/50/28 515/44/28 56/47/28 57/51/28
f 513/52/29 39/48/29 49/49/29 50/53/29
f 517/54/30 516/50/30 57/51/30 58/55/30
f 40/56/31 513/52/31 50/53/31 51/57/31
f 518/58/32 517/54/32 58/55/32 59/59/32
f 41/60/33 40/56/33 51/57/33 52/61/33
f 510/62/34 37/63/34 45/64/34
f 44/65/35 518/58/35 59/59/35
f 42/66/36 41/60/36 52/61/36 53/67/36
f 511/68/37 510/62/37 45/64/37 46/69/37
f 514/70/38 42/66/38 53/67/38 54/71/38
f 38/41/39 511/68/39 46/69/39 47/42/39
f 43/45/40 514/70/40 54/71/40 55/46/40
f 54/71/41 53/67/41 68/72/41 69/73/41
f 47/42/42 46/69/42 61/74/42 62/75/42
f 55/46/43 54/71/43 69/73/43 70/76/43
f 48/43/44 47/42/44 62/75/44 63/77/44
f 56/47/45 55/46/45 70/76/45 71/78/45
f 49/49/46 48/43/46 63/77/46 64/79/46
f 57/51/47 56/47/47 71/78/47 72/80/47
f 50/53/48 49/49/48 64/79/48 65/81/48
f 58/55/49 57/51/49 72/80/49 73/82/49
f 51/57/50 50/53/50 65/81/50 66/83/50
f 59/59/51 58/55/51 73/82/51 74/84/51
f 52/61/52 51/57/52 66/83/52 67/85/52
f 45/64/53 37/86/53 60/87/53
f 44/88/54 59/59/54 74/84/54
f 53/67/55 52/61/55 67/85/55 68/72/55
f 46/69/56 45/64/56 60/87/56 61/74/56
f 73/82/57 72/80/57 87/89/57 88/90/57
f 66/83/58 65/81/58 80/91/58 81/92/58
f 74/84/59 73/82/59 88/90/59 89/93/59
f 67/85/60 66/83/60 81/92/60 82/94/60
f 60/87/61 37/95/61 75/96/61
f 44/97/62 74/84/62 89/93/62
f 68/72/63 67/85/63 82/94/63 83/98/63
f 61/74/64 60/87/64 75/96/64 76/99/64
f 69/73/65 68/72/65 83/98/65 84/100/65
f 62/75/66 61/74/66 76/99/66 77/101/66
f 70/76/67 69/73/67 84/100/67 85/102/67
f 63/77/68 62/75/68 77/101/68 78/103/68
f 71/78/69 70/76/69 85/102/69 86/104/69
f 64/79/70 63/77/70 78/103/70 79/105/70
f 72/80/71 71/78/71 86/104/71 87/89/71
f 65/81/72 64/79/72 79/105/72 80/91/72
f 85/102/73 84/100/73 99/106/73 100/107/73
f 78/103/74 77/101/74 92/108/74 93/109/74
f 86/104/75 85/102/75 100/107/75 101/110/75
f 79/105/76 78/103/76 93/109/76 94/111/76
f 87/89/77 86/104/77 101/110/77 102/112/77
f 80/91/78 79/105/78 94/111/78 95/113/78
f 88/90/79 87/89/79 102/112/79 103/114/79
f 81/92/80 80/91/80 95/113/80 96/115/80
f 89/93/81 88/90/81 103/114/81 104/116/81
f 82/94/82 81/92/82 96/115/82 97/117/82
f 75/96/83 37/118/83 90/119/83
f 44/120/84 89/93/84 104/116/84
f 83/98/85 82/94/85 97/117/85 98/121/85
f 76/99/86 75/96/86 90/119/86 91/122/86
f 84/100/87 83/98/87 98/121/87 99/106/87
f 77/101/88 76/99/88 91/122/88 92/108/88
f 104/116/89 103/114/89 118/123/89 119/124/89
f 97/117/90 96/115/90 111/125/90 112/126/90
f 90/119/91 37/127/91 105/128/91
f 44/129/92 104/116/92 119/124/92
f 98/121/93 97/117/93 112/126/93 113/130/93
f 91/122/94 90/119/94 105/128/94 106/131/94
f 99/106/95 98/121/95 113/130/95 114/132/95
f 92/108/96 91/122/96 106/131/96 107/133/96
f 100/107/97 99/106/97 114/132/97 115/134/97
f 93/109/98 92/108/98 107/133/98 108/135/98
f 101/110/99 100/107/99 115/134/99 116/136/99
f 94/111/100 93/109/100 108/135/100 109/137/100
f 102/112/101 101/110/101 116/136/101 117/138/101
f 95/113/102 94/111/102 109/137/102 110/139/102
f 103/114/103 102/112/103 117/138/103 118/123/103
f 96/115/104 95/113/104 110/139/104 111/125/104
f 108/135/105 107/133/105 122/140/105 123/141/105
f 116/136/106 115/134/106 130/142/106 131/143/106
f 109/137/107 108/135/107 123/141/107 124/144/107
f 117/138/108 116/136/108 131/143/108 132/145/108
f 110/139/109 109/137/109 124/144/109 125/146/109
f 118/123/110 117/138/110 132/145/110 133/147/110
f 111/125/111 110/139/111 125/146/111 126/148/111
f 119/124/112 118/123/112 133/147/112 134/149/112
f 112/126/113 111/125/113 126/148/113 127/150/113
f 105/128/114 37/151/114 120/152/114
f 44/153/115 119/124/115 134/149/115
f 113/130/116 112/126/116 127/150/116 128/154/116
f 106/131/117 105/128/117 120/152/117 121/155/117
f 114/132/118 113/130/118 128/154/118 129/156/118
f 107/133/119 106/131/119 121/155/119 122/140/119
f 115/134/120 114/132/120 129/156/120 130/142/120
f 127/150/121 126/148/121 141/157/121 142/158/121
f 120/152/122 37/159/122 135/160/122
f 44/161/123 134/149/123 149/162/123
f 128/154/124 127/150/124 142/158/124 143/163/124
f 121/155/125 120/152/125 135/160/125 136/164/125
f 129/156/126 128/154/126 143/163/126 144/165/126
f 122/140/127 121/155/127 136/164/127 137/166/127
f 130/142/128 129/156/128 144/165/128 145/167/128
f 123/141/129 122/140/129 137/166/129 138/168/129
f 131/143/130 130/142/130 145/167/130 146/169/130
f 124/144/131 123/141/131 138/168/131 139/170/131
f 132/145/132 131/143/132 146/169/132 147/171/132
f 125/146/133 124/144/133 139/170/133 140/172/133
f 133/147/134 132/145/134 147/171/134 148/173/134
f 126/148/135 125/146/135 140/172/135 141/157/135
f 134/149/136 133/147/136 148/173/136 149/162/136
f 146/169/137 145/167/137 160/174/137 161/12/137
f 139/170/138 138/168/138 153/24/138 154/175/138
f 147/171/139 146/169/139 161/12/139 162/176/139
f 140/172/140 139/170/140 154/175/140 155/177/140
f 148/173/141 147/171/141 162/176/141 163/178/141
f 141/157/142 140/172/142 155/177/142 156/179/142
f 149/162/143 148/173/143 163/178/143 164/180/143
f 142/158/144 141/157/144 156/179/144 157/181/144
f 135/160/145 37/182/145 150/183/145
f 44/184/146 149/162/146 164/180/146
f 143/163/147 142/158/147 157/181/147 158/185/147
f 136/164/148 135/160/148 150/183/148 151/186/148
f 144/165/149 143/163/149 158/185/149 159/187/149
f 137/166/150 136/164/150 151/186/150 152/188/150
f 145/167/151 144/165/151 159/187/151 160/174/151
f 138/168/152 137/166/152 152/188/152 153/24/152
f 150/183/153 37/189/153 165/190/153
f 44/191/154 164/180/154 179/192/154
f 158/185/155 157/181/155 172/193/155 173/194/155
f 151/186/156 150/183/156 165/190/156 166/195/156
f 159/187/157 158/185/157 173/194/157 174/196/157
f 152/188/158 151/186/158 166/195/158 167/197/158
f 160/174/159 159/187/159 174/196/159 175/198/159
f 153/24/160 152/188/160 167/197/160 168/199/160
f 161/12/161 160/174/161 175/198/161 176/200/161
f 154/175/162 153/24/162 168/199/162 169/201/162
f 162/176/163 161/12/163 176/200/163 177/202/163
f 155/177/164 154/175/164 169/201/164 170/203/164
f 163/178/165 162/176/165 177/202/165 178/204/165
f 156/179/166 155/177/166 170/203/166 171/205/166
f 164/180/167 163/178/167 178/204/167 179/192/167
f 157/181/168 156/179/168 171/205/168 172/193/168
f 169/201/169 168/199/169 183/206/169 184/207/169
f 177/202/170 176/200/170 191/208/170 192/209/170
f 170/203/171 169/201/171 184/207/171 185/210/171
f 178/204/172 177/202/172 192/209/172 193/211/172
f 171/205/173 170/203/173 185/210/173 186/212/173
f 179/192/174 178/204/174 193/211/174 194/213/174
f 172/193/175 171/205/175 186/212/175 187/214/175
f 165/190/176 37/215/176 180/216/176
f 44/217/177 179/192/177 194/213/177
f 173/194/178 172/193/178 187/214/178 188/218/178
f 166/195/179 165/190/179 180/216/179 181/219/179
f 174/196/180 173/194/180 188/218/180 189/220/180
f 167/197/181 166/195/181 181/219/181 182/221/181
f 175/198/182 174/196/182 189/220/182 190/222/182
f 168/199/183 167/197/183 182/221/183 183/206/183
f 176/200/184 175/198/184 190/222/184 191/208/184
f 188/218/185 187/214/185 202/223/185 203/224/185
f 181/219/186 180/216/186 195/225/186 196/226/186
f 189/220/187 188/218/187 203/224/187 204/227/187
f 182/221/188 181/219/188 196/226/188 197/228/188
f 190/222/189 189/220/189 204/227/189 205/229/189
f 183/206/190 182/221/190 197/228/190 198/230/190
f 191/208/191 190/222/191 205/229/191 206/231/191
f 184/207/192 183/206/192 198/230/192 199/232/192
f 192/209/193 191/208/193 206/231/193 207/233/193
f 185/210/194 184/207/194 199/232/194 200/234/194
f 193/211/195 192/209/195 207/233/195 208/235/195
f 186/212/196 185/210/196 200/234/196 201/236/196
f 194/213/197 193/211/197 208/235/197 209/237/197
f 187/214/198 186/212/198 201/236/198 202/223/198
f 180/216/199 37/238/199 195/225/199
f 44/239/200 194/213/200 209/237/200
f 207/233/201 206/231/201 221/240/201 222/241/201
f 200/234/202 199/232/202 214/242/202 215/243/202
f 208/235/203 207/233/203 222/241/203 223/244/203
f 201/236/204 200/234/204 215/243/204 216/245/204
f 209/237/205 208/235/205 223/244/205 224/246/205
f 202/223/206 201/236/206 216/245/206 217/247/206
f 195/225/207 37/248/207 210/249/207
f 44/250/208 209/237/208 224/246/208
f 203/224/209 202/223/209 217/247/209 218/251/209
f 196/226/210 195/225/210 210/249/210 211/252/210
f 204/227/211 203/224/211 218/251/211 219/253/211
f 197/228/212 196/226/212 211/252/212 212/254/212
f 205/229/213 204/227/213 219/253/213 220/255/213
f 198/230/214 197/228/214 212/254/214 213/256/214
f 206/231/215 205/229/215 220/255/215 221/240/215
f 199/232/216 198/230/216 213/256/216 214/242/216
f 219/253/217 218/251/217 233/257/217 234/258/217
f 212/254/218 211/252/218 226/259/218 227/260/218
f 220/255/219 219/253/219 234/258/219 235/261/219
f 213/256/220 212/254/220 227/260/220 228/262/220
f 221/240/221 220/255/221 235/261/221 236/263/221
f 214/242/222 213/256/222 228/262/222 229/264/222
f 222/241/223 221/240/223 236/263/223 237/265/223
f 215/243/224 214/242/224 229/264/224 230/266/224
f 223/244/225 222/241/225 237/265/225 238/267/225
f 216/245/226 215/243/226 230/266/226 231/268/226
f 224/246/227 223/244/227 238/267/227 239/269/227
f 217/247/228 216/245/228 231/268/228 232/270/228
f 210/249/229 37/271/229 225/272/229
f 44/273/230 224/246/230 239/269/230
f 218/251/231 217/247/231 232/270/231 233/257/231
f 211/252/232 210/249/232 225/272/232 226/259/232
f 238/267/233 237/265/233 252/274/233 253/275/233
f 231/268/234 230/266/234 245/276/234 246/277/234
f 239/269/235 238/267/235 253/275/235 254/278/235
f 232/270/236 231/268/236 246/277/236 247/279/236
f 225/272/237 37/280/237 240/281/237
f 44/282/238 239/269/238 254/278/238
f 233/257/239 232/270/239 247/279/239 248/283/239
f 226/259/240 225/272/240 240/281/240 241/284/240
f 234/258/241 233/257/241 248/283/241 249/285/241
f 227/260/242 226/259/242 241/284/242 242/286/242
f 235/261/243 234/258/243 249/285/243 250/287/243
f 228/262/244 227/260/244 242/286/244 243/288/244
f 236/263/245 235/261/245 250/287/245 251/289/245
f 229/264/246 228/262/246 243/288/246 244/290/246
f 237/265/247 236/263/247 251/289/247 252/274/247
f 230/266/248 229/264/248 244/290/248 245/276/248
f 242/286/249 241/284/249 256/291/249 257/292/249
f 250/287/250 249/285/250 264/293/250 265/294/250
f 243/288/251 242/286/251 257/292/251 258/295/251
f 251/289/252 250/287/252 265/294/252 266/296/252
f 244/290/253 243/288/253 258/295/253 259/297/253
f 252/274/254 251/289/254 266/296/254 267/298/254
f 245/276/255 244/290/255 259/297/255 260/299/255
f 253/275/256 252/274/256 267/298/256 268/300/256
f 246/277/257 245/276/257 260/299/257 261/301/257
f 254/278/258 253/275/258 268/300/258 269/302/258
f 247/279/259 246/277/259 261/301/259 262/303/259
f 240/281/260 37/304/260 255/305/260
f 44/306/261 254/278/261 269/302/261
f 248/283/262 247/279/262 262/303/262 263/307/262
f 241/284/263 240/281/263 255/305/263 256/291/263
f 249/285/264 248/283/264 263/307/264 264/293/264
f 261/301/265 260/299/265 275/308/265 276/309/265
f 269/302/266 268/300/266 283/310/266 284/311/266
f 262/303/267 261/301/267 276/309/267 277/312/267
f 255/305/268 37/313/268 270/314/268
f 44/315/269 269/302/269 284/311/269
f 263/307/270 262/303/270 277/312/270 278/316/270
f 256/291/271 255/305/271 270/314/271 271/317/271
f 264/293/272 263/307/272 278/316/272 279/318/272
f 257/292/273 256/291/273 271/317/273 272/319/273
f 265/294/274 264/293/274 279/318/274 280/320/274
f 258/295/275 257/292/275 272/319/275 273/321/275
f 266/296/276 265/294/276 280/320/276 281/322/276
f 259/297/277 258/295/277 273/321/277 274/323/277
f 267/298/278 266/296/278 281/322/278 282/324/278
f 260/299/279 259/297/279 274/323/279 275/308/279
f 268/300/280 267/298/280 282/324/280 283/310/280
f 280/320/281 279/318/281 294/325/281 295/326/281
f 273/321/282 272/319/282 287/327/282 288/328/282
f 281/322/283 280/320/283 295/326/283 296/329/283
f 274/323/284 273/321/284 288/328/284 289/330/284
f 282/324/285 281/322/285 296/329/285 297/331/285
f 275/308/286 274/323/286 289/330/286 290/332/286
f 283/310/287 282/324/287 297/331/287 298/333/287
f 276/309/288 275/308/288 290/332/288 291/334/288
f 284/311/289 283/310/289 298/333/289 299/335/289
f 277/312/290 276/309/290 291/334/290 292/336/290
f 270/314/291 37/337/291 285/338/291
f 44/339/292 284/311/292 299/335/292
f 278/316/293 277/312/293 292/336/293 293/340/293
f 271/317/294 270/314/294 285/338/294 286/341/294
f 279/318/295 278/316/295 293/340/295 294/325/295
f 272/319/296 271/317/296 286/341/296 287/327/296
f 299/335/297 298/333/297 313/342/297 314/343/297
f 292/336/298 291/334/298 306/344/298 307/345/298
f 285/338/299 37/346/299 300/347/299
f 44/348/300 299/335/300 314/343/300
f 293/340/301 292/336/301 307/345/301 308/349/301
f 286/341/302 285/338/302 300/347/302 301/350/302
f 294/325/303 293/340/303 308/349/303 309/351/303
f 287/327/304 286/341/304 301/350/304 302/352/304
f 295/326/305 294/325/305 309/351/305 310/353/305
f 288/328/306 287/327/306 302/352/306 303/354/306
f 296/329/307 295/326/307 310/353/307 311/355/307
f 289/330/308 288/328/308 303/354/308 304/356/308
f 297/331/309 296/329/309 311/355/309 312/357/309
f 290/332/310 289/330/310 304/356/310 305/358/310
f 298/333/311 297/331/311 312/357/311 313/342/311
f 291/334/312 290/332/312 305/358/312 306/344/312
f 303/354/313 302/352/313 317/359/313 318/360/313
f 311/355/314 310/353/314 325/361/314 326/362/314
f 304/356/315 303/354/315 318/360/315 319/363/315
f 312/357/316 311/355/316 326/362/316 327/364/316
f 305/358/317 304/356/317 319/363/317 320/365/317
f 313/342/318 312/357/318 327/364/318 328/366/318
f 306/344/319 305/358/319 320/365/319 321/367/319
f 314/343/320 313/342/320 328/366/320 329/368/320
f 307/345/321 306/344/321 321/367/321 322/369/321
f 300/347/322 37/370/322 315/371/322
f 44/372/323 314/343/323 329/368/323
f 308/349/324 307/345/324 322/369/324 323/373/324
f 301/350/325 300/347/325 315/371/325 316/374/325
f 309/351/326 308/349/326 323/373/326 324/375/326
f 302/352/327 301/350/327 316/374/327 317/359/327
f 310/353/328 309/351/328 324/375/328 325/361/328
f 322/369/329 321/367/329 336/376/329 337/377/329
f 315/371/330 37/378/330 330/379/330
f 44/380/331 329/368/331 344/381/331
f 323/373/332 322/369/332 337/377/332 338/382/332
f 316/374/333 315/371/333 330/379/333 331/383/333
f 324/375/334 323/373/334 338/382/334 339/384/334
f 317/359/335 316/374/335 331/383/335 332/385/335
f 325/361/336 324/375/336 339/384/336 340/386/336
f 318/360/337 317/359/337 332/385/337 333/387/337
f 326/362/338 325/361/338 340/386/338 341/388/338
f 319/363/339 318/360/339 333/387/339 334/389/339
f 327/364/340 326/362/340 341/388/340 342/390/340
f 320/365/341 319/363/341 334/389/341 335/391/341
f 328/366/342 327/364/342 342/390/342 343/392/342
f 321/367/343 320/365/343 335/391/343 336/376/343
f 329/368/344 328/366/344 343/392/344 344/381/344
f 341/388/345 340/386/345 355/393/345 356/394/345
f 334/389/346 333/387/346 348/395/346 349/396/346
f 342/390/347 341/388/347 356/394/347 357/397/347
f 335/391/348 334/389/348 349/396/348 350/398/348
f 343/392/349 342/390/349 357/397/349 358/399/349
f 336/376/350 335/391/350 350/398/350 351/400/350
f 344/381/351 343/392/351 358/399/351 359/401/351
f 337/377/352 336/376/352 351/400/352 352/402/352
f 330/379/353 37/403/353 345/404/353
f 44/405/354 344/381/354 359/401/354
f 338/382/355 337/377/355 352/402/355 353/406/355
f 331/383/356 330/379/356 345/404/356 346/407/356
f 339/384/357 338/382/357 353/406/357 354/408/357
f 332/385/358 331/383/358 346/407/358 347/409/358
f 340/386/359 339/384/359 354/408/359 355/393/359
f 333/387/360 332/385/360 347/409/360 348/395/360
f 44/410/361 359/401/361 374/411/361
f 353/406/362 352/402/362 367/412/362 368/413/362
f 346/407/363 345/404/363 360/414/363 361/415/363
f 354/408/364 353/406/364 368/413/364 369/416/364
f 347/409/365 346/407/365 361/415/365 362/417/365
f 355/393/366 354/408/366 369/416/366 370/418/366
f 348/395/367 347/409/367 362/417/367 363/419/367
f 356/394/368 355/393/368 370/418/368 371/420/368
f 349/396/369 348/395/369 363/419/369 364/421/369
f 357/397/370 356/394/370 371/420/370 372/422/370
f 350/398/371 349/396/371 364/421/371 365/423/371
f 358/399/372 357/397/372 372/422/372 373/424/372
f 351/400/373 350/398/373 365/423/373 366/425/373
f 359/401/374 358/399/374 373/424/374 374/411/374
f 352/402/375 351/400/375 366/425/375 367/412/375
f 345/404/376 37/426/376 360/414/376
f 372/422/377 371/420/377 386/427/377 387/428/377
f 365/423/378 364/421/378 379/429/378 380/430/378
f 373/424/379 372/422/379 387/428/379 388/431/379
f 366/425/380 365/423/380 380/430/380 381/432/380
f 374/411/381 373/424/381 388/431/381 389/433/381
f 367/412/382 366/425/382 381/432/382 382/434/382
f 360/414/383 37/435/383 375/436/383
f 44/437/384 374/411/384 389/433/384
f 368/413/385 367/412/385 382/434/385 383/438/385
f 361/415/386 360/414/386 375/436/386 376/439/386
f 369/416/387 368/413/387 383/438/387 384/440/387
f 362/417/388 361/415/388 376/439/388 377/441/388
f 370/418/389 369/416/389 384/440/389 385/442/389
f 363/419/390 362/417/390 377/441/390 378/443/390
f 371/420/391 370/418/391 385/442/391 386/427/391
f 364/421/392 363/419/392 378/443/392 379/429/392
f 376/439/393 375/436/393 390/444/393 391/445/393
f 384/440/394 383/438/394 398/446/394 399/447/394
f 377/441/395 376/439/395 391/445/395 392/448/395
f 385/442/396 384/440/396 399/447/396 400/449/396
f 378/443/397 377/441/397 392/448/397 393/450/397
f 386/427/398 385/442/398 400/449/398 401/11/398
f 379/429/399 378/443/399 393/450/399 394/451/399
f 387/428/400 386/427/400 401/11/400 402/452/400
f 380/430/401 379/429/401 394/451/401 395/453/401
f 388/431/402 387/428/402 402/452/402 403/454/402
f 381/432/403 380/430/403 395/453/403 396/455/403
f 389/433/404 388/431/404 403/454/404 404/456/404
f 382/434/405 381/432/405 396/455/405 397/17/405
f 375/436/406 37/457/406 390/444/406
f 44/458/407 389/433/407 404/456/407
f 383/438/408 382/434/408 397/17/408 398/446/408
f 395/459/409 394/460/409 409/461/409 410/462/409
f 403/463/410 402/464/410 417/465/410 418/466/410
f 396/467/411 395/459/411 410/462/411 411/468/411
f 404/469/412 403/463/412 418/466/412 419/470/412
f 397/35/413 396/467/413 411/468/413 412/471/413
f 390/472/414 37/473/414 405/474/414
f 44/475/415 404/469/415 419/470/415
f 398/476/416 397/35/416 412/471/416 413/477/416
f 391/478/417 390/472/417 405/474/417 406/479/417
f 399/480/418 398/476/418 413/477/418 414/481/418
f 392/482/419 391/478/419 406/479/419 407/483/419
f 400/484/420 399/480/420 414/481/420 415/485/420
f 393/486/421 392/482/421 407/483/421 408/487/421
f 401/32/422 400/484/422 415/485/422 416/488/422
f 394/460/423 393/486/423 408/487/423 409/461/423
f 402/464/424 401/32/424 416/488/424 417/465/424
f 414/481/425 413/477/425 428/489/425 429/490/425
f 407/483/426 406/479/426 421/491/426 422/492/426
f 415/485/427 414/481/427 429/490/427 430/493/427
f 408/487/428 407/483/428 422/492/428 423/494/428
f 416/488/429 415/485/429 430/493/429 431/495/429
f 409/461/430 408/487/430 423/494/430 424/496/430
f 417/465/431 416/488/431 431/495/431 432/497/431
f 410/462/432 409/461/432 424/496/432 425/498/432
f 418/466/433 417/465/433 432/497/433 433/499/433
f 411/468/434 410/462/434 425/498/434 426/500/434
f 419/470/435 418/466/435 433/499/435 434/501/435
f 412/471/436 411/468/436 426/500/436 427/502/436
f 405/474/437 37/503/437 420/504/437
f 44/505/438 419/470/438 434/501/438
f 413/477/439 412/471/439 427/502/439 428/489/439
f 406/479/440 405/474/440 420/504/440 421/491/440
f 433/499/441 432/497/441 447/506/441 448/507/441
f 426/500/442 425/498/442 440/508/442 441/509/442
f 434/501/443 433/499/443 448/507/443 449/510/443
f 427/502/444 426/500/444 441/509/444 442/511/444
f 420/504/445 37/512/445 435/513/445
f 44/514/446 434/501/446 449/510/446
f 428/489/447 427/502/447 442/511/447 443/515/447
f 421/491/448 420/504/448 435/513/448 436/516/448
f 429/490/449 428/489/449 443/515/449 444/517/449
f 422/492/450 421/491/450 436/516/450 437/518/450
f 430/493/451 429/490/451 444/517/451 445/519/451
f 423/494/452 422/492/452 437/518/452 438/520/452
f 431/495/453 430/493/453 445/519/453 446/521/453
f 424/496/454 423/494/454 438/520/454 439/522/454
f 432/497/455 431/495/455 446/521/455 447/506/455
f 425/498/456 424/496/456 439/522/456 440/508/456
f 437/518/457 436/516/457 451/523/457 452/524/457
f 445/519/458 444/517/458 459/525/458 460/526/458
f 438/520/459 437/518/459 452/524/459 453/527/459
f 446/521/460 445/519/460 460/526/460 461/528/460
f 439/522/461 438/520/461 453/527/461 454/529/461
f 447/506/462 446/521/462 461/528/462 462/530/462
f 440/508/463 439/522/463 454/529/463 455/531/463
f 448/507/464 447/506/464 462/530/464 463/532/464
f 441/509/465 440/508/465 455/531/465 456/533/465
f 449/510/466 448/507/466 463/532/466 464/534/466
f 442/511/467 441/509/467 456/533/467 457/535/467
f 435/513/468 37/536/468 450/537/468
f 44/538/469 449/510/469 464/534/469
f 443/515/470 442/511/470 457/535/470 458/539/470
f 436/516/471 435/513/471 450/537/471 451/523/471
f 444/517/472 443/515/472 458/539/472 459/525/472
f 456/533/473 455/531/473 470/540/473 471/541/473
f 464/534/474 463/532/474 478/542/474 479/543/474
f 457/535/475 456/533/475 471/541/475 472/544/475
f 450/537/476 37/545/476 465/546/476
f 44/547/477 464/534/477 479/543/477
f 458/539/478 457/535/478 472/544/478 473/548/478
f 451/523/479 450/537/479 465/546/479 466/549/479
f 459/525/480 458/539/480 473/548/480 474/550/480
f 452/524/481 451/523/481 466/549/481 467/551/481
f 460/526/482 459/525/482 474/550/482 475/552/482
f 453/527/483 452/524/483 467/551/483 468/553/483
f 461/528/484 460/526/484 475/552/484 476/554/484
f 454/529/485 453/527/485 468/553/485 469/555/485
f 462/530/486 461/528/486 476/554/486 477/556/486
f 455/531/487 454/529/487 469/555/487 470/540/487
f 463/532/488 462/530/488 477/556/488 478/542/488
f 475/552/489 474/550/489 489/557/489 490/558/489
f 468/553/490 467/551/490 482/559/490 483/560/490
f 476/554/491 475/552/491 490/558/491 491/561/491
f 469/555/492 468/553/492 483/560/492 484/562/492
f 477/556/493 476/554/493 491/561/493 492/563/493
f 470/540/494 469/555/494 484/562/494 485/564/494
f 478/542/495 477/556/495 492/563/495 493/565/495
f 471/541/496 470/540/496 485/564/496 486/566/496
f 479/543/497 478/542/497 493/565/497 494/567/497
f 472/544/498 471/541/498 486/566/498 487/568/498
f 465/546/499 37/569/499 480/570/499
f 44/571/500 479/543/500 494/567/500
f 473/548/501 472/544/501 487/568/501 488/572/501
f 466/549/502 465/546/502 480/570/502 481/573/502
f 474/550/503 473/548/503 488/572/503 489/557/503
f 467/551/504 466/549/504 481/573/504 482/559/504
f 494/567/505 493/565/505 508/574/505 509/575/505
f 487/568/506 486/566/506 501/576/506 502/577/506
f 480/570/507 37/578/507 495/579/507
f 44/580/508 494/567/508 509/575/508
f 488/572/509 487/568/509 502/577/509 503/581/509
f 481/573/510 480/570/510 495/579/510 496/582/510
f 489/557/511 488/572/511 503/581/511 504/583/511
f 482/559/512 481/573/512 496/582/512 497/584/512
f 490/558/513 489/557/513 504/583/513 505/585/513
f 483/560/514 482/559/514 497/584/514 498/586/514
f 491/561/515 490/558/515 505/585/515 506/587/515
f 484/562/516 483/560/516 498/586/516 499/588/516
f 492/563/517 491/561/517 506/587/517 507/589/517
f 485/564/518 484/562/518 499/588/518 500/590/518
f 493/565/519 492/563/519 507/589/519 508/574/519
f 486/566/520 485/564/520 500/590/520 501/576/520
f 506/587/521 505/585/521 43/45/521 515/44/521
f 499/588/522 498/586/522 512/40/522 39/48/522
f 507/589/523 506/587/523 515/44/523 516/50/523
f 500/590/524 499/588/524 39/48/524 513/52/524
f 508/574/525 507/589/525 516/50/525 517/54/525
f 501/576/526 500/590/526 513/52/526 40/56/526
f 509/575/527 508/574/527 517/54/527 518/58/527
f 502/577/528 501/576/528 40/56/528 41/60/528
f 495/579/529 37/591/529 510/62/529
f 44/592/530 509/575/530 518/58/530
f 503/581/531 502/577/531 41/60/531 42/66/531
f 496/582/532 495/579/532 510/62/532 511/68/532
f 504/583/533 503/581/533 42/66/533 514/70/533
f 497/584/534 496/582/534 511/68/534 38/41/534
f 505/585/535 504/583/535 514/70/535 43/45/535
f 498/586/536 497/584/536 38/41/536 512/40/536
f 1483/1/1075 1495/2/1075 1506/3/1075 1494/4/1075
f 1484/5/1076 1496/6/1076 1495/7/1076 1483/8/1076
f 1485/9/1077 1497/10/1077 1496/6/1077 1484/5/1077
f 1486/11/1078 1498/12/1078 1497/10/1078 1485/9/1078
f 1487/13/1079 1499/14/1079 1498/12/1079 1486/11/1079
f 1488/15/1080 1500/16/1080 1499/14/1080 1487/13/1080
f 1489/17/1081 1501/18/1081 1500/16/1081 1488/15/1081
f 1490/19/1082 1502/20/1082 1501/18/1082 1489/17/1082
f 1491/21/1083 1503/22/1083 1502/20/1083 1490/19/1083
f 1492/23/1084 1504/24/1084 1503/22/1084 1491/21/1084
f 1493/25/1085 1505/26/1085 1504/24/1085 1492/23/1085
f 1494/4/1086 1506/3/1086 1505/26/1086 1493/25/1086
f 1495/2/1087 1507/27/1087 1518/28/1087 1506/3/1087
f 1496/6/1088 1508/29/1088 1507/30/1088 1495/7/1088
f 1497/10/1089 1509/31/1089 1508/29/1089 1496/6/1089
f 1498/12/1090 1510/32/1090 1509/31/1090 1497/10/1090
f 1499/14/1091 1511/33/1091 1510/32/1091 1498/12/1091
f 1500/16/1092 1512/34/1092 1511/33/1092 1499/14/1092
f 1501/18/1093 1513/35/1093 1512/34/1093 1500/16/1093
f 1502/20/1094 1514/36/1094 1513/35/1094 1501/18/1094
f 1503/22/1095 1515/37/1095 1514/36/1095 1502/20/1095
f 1504/24/1096 1516/38/1096 1515/37/1096 1503/22/1096
f 1505/26/1097 1517/39/1097 1516/38/1097 1504/24/1097
f 1506/3/1098 1518/28/1098 1517/39/1098 1505/26/1098
f 1519/1/1099 1531/2/1099 1542/3/1099 1530/4/1099
f 1520/5/1100 1532/6/1100 1531/7/1100 1519/8/1100
f 1521/9/1101 1533/10/1101 1532/6/1101 1520/5/1101
f 1522/11/1102 1534/12/1102 1533/10/1102 1521/9/1102
f 1523/13/1103 1535/14/1103 1534/12/1103 1522/11/1103
f 1524/15/1104 1536/16/1104 1535/14/1104 1523/13/1104
f 1525/17/1105 1537/18/1105 1536/16/1105 1524/15/1105
f 1526/19/1106 1538/20/1106 1537/18/1106 1525/17/1106
f 1527/21/1107 1539/22/1107 1538/20/1107 1526/19/1107
f 1528/23/1108 1540/24/1108 1539/22/1108 1527/21/1108
f 1529/25/1109 1541/26/1109 1540/24/1109 1528/23/1109
f 1530/4/1110 1542/3/1110 1541/26/1110 1529/25/1110
f 1531/2/1111 1543/27/1111 1554/28/1111 1542/3/1111
f 1532/6/1112 1544/29/1112 1543/30/1112 1531/7/1112
f 1533/10/1113 1545/31/1113 1544/29/1113 1532/6/1113
f 1534/12/1114 1546/32/1114 1545/31/1114 1533/10/1114
f 1535/14/1115 1547/33/1115 1546/32/1115 1534/12/1115
f 1536/16/1116 1548/34/1116 1547/33/1116 1535/14/1116
f 1537/18/1117 1549/35/1117 1548/34/1117 1536/16/1117
f 1538/20/1118 1550/36/1118 1549/35/1118 1537/18/1118
f 1539/22/1119 1551/37/1119 1550/36/1119 1538/20/1119
f 1540/24/1120 1552/38/1120 1551/37/1120 1539/22/1120
f 1541/26/1121 1553/39/1121 1552/38/1121 1540/24/1121
f 1542/3/1122 1554/28/1122 1553/39/1122 1541/26/1122
usemtl Material.002
f 996/70/537 524/66/537 535/67/537 536/71/537
f 520/41/538 993/68/538 528/69/538 529/42/538
f 525/45/539 996/70/539 536/71/539 537/46/539
f 994/40/540 520/41/540 529/42/540 530/43/540
f 997/44/541 525/45/541 537/46/541 538/47/541
f 521/48/542 994/40/542 530/43/542 531/49/542
f 998/50/543 997/44/543 538/47/543 539/51/543
f 995/52/544 521/48/544 531/49/544 532/53/544
f 999/54/545 998/50/545 539/51/545 540/55/545
f 522/56/546 995/52/546 532/53/546 533/57/546
f 1000/58/547 999/54/547 540/55/547 541/59/547
f 523/60/548 522/56/548 533/57/548 534/61/548
f 992/62/549 519/63/549 527/64/549
f 526/65/550 1000/58/550 541/59/550
f 524/66/551 523/60/551 534/61/551 535/67/551
f 993/68/552 992/62/552 527/64/552 528/69/552
f 535/67/553 534/61/553 549/85/553 550/72/553
f 528/69/554 527/64/554 542/87/554 543/74/554
f 536/71/555 535/67/555 550/72/555 551/73/555
f 529/42/556 528/69/556 543/74/556 544/75/556
f 537/46/557 536/71/557 551/73/557 552/76/557
f 530/43/558 529/42/558 544/75/558 545/77/558
f 538/47/559 537/46/559 552/76/559 553/78/559
f 531/49/560 530/43/560 545/77/560 546/79/560
f 539/51/561 538/47/561 553/78/561 554/80/561
f 532/53/562 531/49/562 546/79/562 547/81/562
f 540/55/563 539/51/563 554/80/563 555/82/563
f 533/57/564 532/53/564 547/81/564 548/83/564
f 541/59/565 540/55/565 555/82/565 556/84/565
f 534/61/566 533/57/566 548/83/566 549/85/566
f 527/64/567 519/86/567 542/87/567
f 526/88/568 541/59/568 556/84/568
f 554/80/569 553/78/569 568/104/569 569/89/569
f 547/81/570 546/79/570 561/105/570 562/91/570
f 555/82/571 554/80/571 569/89/571 570/90/571
f 548/83/572 547/81/572 562/91/572 563/92/572
f 556/84/573 555/82/573 570/90/573 571/93/573
f 549/85/574 548/83/574 563/92/574 564/94/574
f 542/87/575 519/95/575 557/96/575
f 526/97/576 556/84/576 571/93/576
f 550/72/577 549/85/577 564/94/577 565/98/577
f 543/74/578 542/87/578 557/96/578 558/99/578
f 551/73/579 550/72/579 565/98/579 566/100/579
f 544/75/580 543/74/580 558/99/580 559/101/580
f 552/76/581 551/73/581 566/100/581 567/102/581
f 545/77/582 544/75/582 559/101/582 560/103/582
f 553/78/583 552/76/583 567/102/583 568/104/583
f 546/79/584 545/77/584 560/103/584 561/105/584
f 558/99/585 557/96/585 572/119/585 573/122/585
f 566/100/586 565/98/586 580/121/586 581/106/586
f 559/101/587 558/99/587 573/122/587 574/108/587
f 567/102/588 566/100/588 581/106/588 582/107/588
f 560/103/589 559/101/589 574/108/589 575/109/589
f 568/104/590 567/102/590 582/107/590 583/110/590
f 561/105/591 560/103/591 575/109/591 576/111/591
f 569/89/592 568/104/592 583/110/592 584/112/592
f 562/91/593 561/105/593 576/111/593 577/113/593
f 570/90/594 569/89/594 584/112/594 585/114/594
f 563/92/595 562/91/595 577/113/595 578/115/595
f 571/93/596 570/90/596 585/114/596 586/116/596
f 564/94/597 563/92/597 578/115/597 579/117/597
f 557/96/598 519/118/598 572/119/598
f 526/120/599 571/93/599 586/116/599
f 565/98/600 564/94/600 579/117/600 580/121/600
f 577/113/601 576/111/601 591/137/601 592/139/601
f 585/114/602 584/112/602 599/138/602 600/123/602
f 578/115/603 577/113/603 592/139/603 593/125/603
f 586/116/604 585/114/604 600/123/604 601/124/604
f 579/117/605 578/115/605 593/125/605 594/126/605
f 572/119/606 519/127/606 587/128/606
f 526/129/607 586/116/607 601/124/607
f 580/121/608 579/117/608 594/126/608 595/130/608
f 573/122/609 572/119/609 587/128/609 588/131/609
f 581/106/610 580/121/610 595/130/610 596/132/610
f 574/108/611 573/122/611 588/131/611 589/133/611
f 582/107/612 581/106/612 596/132/612 597/134/612
f 575/109/613 574/108/613 589/133/613 590/135/613
f 583/110/614 582/107/614 597/134/614 598/136/614
f 576/111/615 575/109/615 590/135/615 591/137/615
f 584/112/616 583/110/616 598/136/616 599/138/616
f 596/132/617 595/130/617 610/154/617 611/156/617
f 589/133/618 588/131/618 603/155/618 604/140/618
f 597/134/619 596/132/619 611/156/619 612/142/619
f 590/135/620 589/133/620 604/140/620 605/141/620
f 598/136/621 597/134/621 612/142/621 613/143/621
f 591/137/622 590/135/622 605/141/622 606/144/622
f 599/138/623 598/136/623 613/143/623 614/145/623
f 592/139/624 591/137/624 606/144/624 607/146/624
f 600/123/625 599/138/625 614/145/625 615/147/625
f 593/125/626 592/139/626 607/146/626 608/148/626
f 601/124/627 600/123/627 615/147/627 616/149/627
f 594/126/628 593/125/628 608/148/628 609/150/628
f 587/128/629 519/151/629 602/152/629
f 526/153/630 601/124/630 616/149/630
f 595/130/631 594/126/631 609/150/631 610/154/631
f 588/131/632 587/128/632 602/152/632 603/155/632
f 615/147/633 614/145/633 629/171/633 630/173/633
f 608/148/634 607/146/634 622/172/634 623/157/634
f 616/149/635 615/147/635 630/173/635 631/162/635
f 609/150/636 608/148/636 623/157/636 624/158/636
f 602/152/637 519/159/637 617/160/637
f 526/161/638 616/149/638 631/162/638
f 610/154/639 609/150/639 624/158/639 625/163/639
f 603/155/640 602/152/640 617/160/640 618/164/640
f 611/156/641 610/154/641 625/163/641 626/165/641
f 604/140/642 603/155/642 618/164/642 619/166/642
f 612/142/643 611/156/643 626/165/643 627/167/643
f 605/141/644 604/140/644 619/166/644 620/168/644
f 613/143/645 612/142/645 627/167/645 628/169/645
f 606/144/646 605/141/646 620/168/646 621/170/646
f 614/145/647 613/143/647 628/169/647 629/171/647
f 607/146/648 606/144/648 621/170/648 622/172/648
f 627/167/649 626/165/649 641/187/649 642/174/649
f 620/168/650 619/166/650 634/188/650 635/24/650
f 628/169/651 627/167/651 642/174/651 643/12/651
f 621/170/652 620/168/652 635/24/652 636/175/652
f 629/171/653 628/169/653 643/12/653 644/176/653
f 622/172/654 621/170/654 636/175/654 637/177/654
f 630/173/655 629/171/655 644/176/655 645/178/655
f 623/157/656 622/172/656 637/177/656 638/179/656
f 631/162/657 630/173/657 645/178/657 646/180/657
f 624/158/658 623/157/658 638/179/658 639/181/658
f 617/160/659 519/182/659 632/183/659
f 526/184/660 631/162/660 646/180/660
f 625/163/661 624/158/661 639/181/661 640/185/661
f 618/164/662 617/160/662 632/183/662 633/186/662
f 626/165/663 625/163/663 640/185/663 641/187/663
f 619/166/664 618/164/664 633/186/664 634/188/664
f 646/180/665 645/178/665 660/204/665 661/192/665
f 639/181/666 638/179/666 653/205/666 654/193/666
f 632/183/667 519/189/667 647/190/667
f 526/191/668 646/180/668 661/192/668
f 640/185/669 639/181/669 654/193/669 655/194/669
f 633/186/670 632/183/670 647/190/670 648/195/670
f 641/187/671 640/185/671 655/194/671 656/196/671
f 634/188/672 633/186/672 648/195/672 649/197/672
f 642/174/673 641/187/673 656/196/673 657/198/673
f 635/24/674 634/188/674 649/197/674 650/199/674
f 643/12/675 642/174/675 657/198/675 658/200/675
f 636/175/676 635/24/676 650/199/676 651/201/676
f 644/176/677 643/12/677 658/200/677 659/202/677
f 637/177/678 636/175/678 651/201/678 652/203/678
f 645/178/679 644/176/679 659/202/679 660/204/679
f 638/179/680 637/177/680 652/203/680 653/205/680
f 650/199/681 649/197/681 664/221/681 665/206/681
f 658/200/682 657/198/682 672/222/682 673/208/682
f 651/201/683 650/199/683 665/206/683 666/207/683
f 659/202/684 658/200/684 673/208/684 674/209/684
f 652/203/685 651/201/685 666/207/685 667/210/685
f 660/204/686 659/202/686 674/209/686 675/211/686
f 653/205/687 652/203/687 667/210/687 668/212/687
f 661/192/688 660/204/688 675/211/688 676/213/688
f 654/193/689 653/205/689 668/212/689 669/214/689
f 647/190/690 519/215/690 662/216/690
f 526/217/691 661/192/691 676/213/691
f 655/194/692 654/193/692 669/214/692 670/218/692
f 648/195/693 647/190/693 662/216/693 663/219/693
f 656/196/694 655/194/694 670/218/694 671/220/694
f 649/197/695 648/195/695 663/219/695 664/221/695
f 657/198/696 656/196/696 671/220/696 672/222/696
f 669/214/697 668/212/697 683/236/697 684/223/697
f 662/216/698 519/238/698 677/225/698
f 526/239/699 676/213/699 691/237/699
f 670/218/700 669/214/700 684/223/700 685/224/700
f 663/219/701 662/216/701 677/225/701 678/226/701
f 671/220/702 670/218/702 685/224/702 686/227/702
f 664/221/703 663/219/703 678/226/703 679/228/703
f 672/222/704 671/220/704 686/227/704 687/229/704
f 665/206/705 664/221/705 679/228/705 680/230/705
f 673/208/706 672/222/706 687/229/706 688/231/706
f 666/207/707 665/206/707 680/230/707 681/232/707
f 674/209/708 673/208/708 688/231/708 689/233/708
f 667/210/709 666/207/709 681/232/709 682/234/709
f 675/211/710 674/209/710 689/233/710 690/235/710
f 668/212/711 667/210/711 682/234/711 683/236/711
f 676/213/712 675/211/712 690/235/712 691/237/712
f 688/231/713 687/229/713 702/255/713 703/240/713
f 681/232/714 680/230/714 695/256/714 696/242/714
f 689/233/715 688/231/715 703/240/715 704/241/715
f 682/234/716 681/232/716 696/242/716 697/243/716
f 690/235/717 689/233/717 704/241/717 705/244/717
f 683/236/718 682/234/718 697/243/718 698/245/718
f 691/237/719 690/235/719 705/244/719 706/246/719
f 684/223/720 683/236/720 698/245/720 699/247/720
f 677/225/721 519/248/721 692/249/721
f 526/250/722 691/237/722 706/246/722
f 685/224/723 684/223/723 699/247/723 700/251/723
f 678/226/724 677/225/724 692/249/724 693/252/724
f 686/227/725 685/224/725 700/251/725 701/253/725
f 679/228/726 678/226/726 693/252/726 694/254/726
f 687/229/727 686/227/727 701/253/727 702/255/727
f 680/230/728 679/228/728 694/254/728 695/256/728
f 692/249/729 519/271/729 707/272/729
f 526/273/730 706/246/730 721/269/730
f 700/251/731 699/247/731 714/270/731 715/257/731
f 693/252/732 692/249/732 707/272/732 708/259/732
f 701/253/733 700/251/733 715/257/733 716/258/733
f 694/254/734 693/252/734 708/259/734 709/260/734
f 702/255/735 701/253/735 716/258/735 717/261/735
f 695/256/736 694/254/736 709/260/736 710/262/736
f 703/240/737 702/255/737 717/261/737 718/263/737
f 696/242/738 695/256/738 710/262/738 711/264/738
f 704/241/739 703/240/739 718/263/739 719/265/739
f 697/243/740 696/242/740 711/264/740 712/266/740
f 705/244/741 704/241/741 719/265/741 720/267/741
f 698/245/742 697/243/742 712/266/742 713/268/742
f 706/246/743 705/244/743 720/267/743 721/269/743
f 699/247/744 698/245/744 713/268/744 714/270/744
f 711/264/745 710/262/745 725/288/745 726/290/745
f 719/265/746 718/263/746 733/289/746 734/274/746
f 712/266/747 711/264/747 726/290/747 727/276/747
f 720/267/748 719/265/748 734/274/748 735/275/748
f 713/268/749 712/266/749 727/276/749 728/277/749
f 721/269/750 720/267/750 735/275/750 736/278/750
f 714/270/751 713/268/751 728/277/751 729/279/751
f 707/272/752 519/280/752 722/281/752
f 526/282/753 721/269/753 736/278/753
f 715/257/754 714/270/754 729/279/754 730/283/754
f 708/259/755 707/272/755 722/281/755 723/284/755
f 716/258/756 715/257/756 730/283/756 731/285/756
f 709/260/757 708/259/757 723/284/757 724/286/757
f 717/261/758 716/258/758 731/285/758 732/287/758
f 710/262/759 709/260/759 724/286/759 725/288/759
f 718/263/760 717/261/760 732/287/760 733/289/760
f 730/283/761 729/279/761 744/303/761 745/307/761
f 723/284/762 722/281/762 737/305/762 738/291/762
f 731/285/763 730/283/763 745/307/763 746/293/763
f 724/286/764 723/284/764 738/291/764 739/292/764
f 732/287/765 731/285/765 746/293/765 747/294/765
f 725/288/766 724/286/766 739/292/766 740/295/766
f 733/289/767 732/287/767 747/294/767 748/296/767
f 726/290/768 725/288/768 740/295/768 741/297/768
f 734/274/769 733/289/769 748/296/769 749/298/769
f 727/276/770 726/290/770 741/297/770 742/299/770
f 735/275/771 734/274/771 749/298/771 750/300/771
f 728/277/772 727/276/772 742/299/772 743/301/772
f 736/278/773 735/275/773 750/300/773 751/302/773
f 729/279/774 728/277/774 743/301/774 744/303/774
f 722/281/775 519/304/775 737/305/775
f 526/306/776 736/278/776 751/302/776
f 749/298/777 748/296/777 763/322/777 764/324/777
f 742/299/778 741/297/778 756/323/778 757/308/778
f 750/300/779 749/298/779 764/324/779 765/310/779
f 743/301/780 742/299/780 757/308/780 758/309/780
f 751/302/781 750/300/781 765/310/781 766/311/781
f 744/303/782 743/301/782 758/309/782 759/312/782
f 737/305/783 519/313/783 752/314/783
f 526/315/784 751/302/784 766/311/784
f 745/307/785 744/303/785 759/312/785 760/316/785
f 738/291/786 737/305/786 752/314/786 753/317/786
f 746/293/787 745/307/787 760/316/787 761/318/787
f 739/292/788 738/291/788 753/317/788 754/319/788
f 747/294/789 746/293/789 761/318/789 762/320/789
f 740/295/790 739/292/790 754/319/790 755/321/790
f 748/296/791 747/294/791 762/320/791 763/322/791
f 741/297/792 740/295/792 755/321/792 756/323/792
f 761/318/793 760/316/793 775/340/793 776/325/793
f 754/319/794 753/317/794 768/341/794 769/327/794
f 762/320/795 761/318/795 776/325/795 777/326/795
f 755/321/796 754/319/796 769/327/796 770/328/796
f 763/322/797 762/320/797 777/326/797 778/329/797
f 756/323/798 755/321/798 770/328/798 771/330/798
f 764/324/799 763/322/799 778/329/799 779/331/799
f 757/308/800 756/323/800 771/330/800 772/332/800
f 765/310/801 764/324/801 779/331/801 780/333/801
f 758/309/802 757/308/802 772/332/802 773/334/802
f 766/311/803 765/310/803 780/333/803 781/335/803
f 759/312/804 758/309/804 773/334/804 774/336/804
f 752/314/805 519/337/805 767/338/805
f 526/339/806 766/311/806 781/335/806
f 760/316/807 759/312/807 774/336/807 775/340/807
f 753/317/808 752/314/808 767/338/808 768/341/808
f 780/333/809 779/331/809 794/357/809 795/342/809
f 773/334/810 772/332/810 787/358/810 788/344/810
f 781/335/811 780/333/811 795/342/811 796/343/811
f 774/336/812 773/334/812 788/344/812 789/345/812
f 767/338/813 519/346/813 782/347/813
f 526/348/814 781/335/814 796/343/814
f 775/340/815 774/336/815 789/345/815 790/349/815
f 768/341/816 767/338/816 782/347/816 783/350/816
f 776/325/817 775/340/817 790/349/817 791/351/817
f 769/327/818 768/341/818 783/350/818 784/352/818
f 777/326/819 776/325/819 791/351/819 792/353/819
f 770/328/820 769/327/820 784/352/820 785/354/820
f 778/329/821 777/326/821 792/353/821 793/355/821
f 771/330/822 770/328/822 785/354/822 786/356/822
f 779/331/823 778/329/823 793/355/823 794/357/823
f 772/332/824 771/330/824 786/356/824 787/358/824
f 784/352/825 783/350/825 798/374/825 799/359/825
f 792/353/826 791/351/826 806/375/826 807/361/826
f 785/354/827 784/352/827 799/359/827 800/360/827
f 793/355/828 792/353/828 807/361/828 808/362/828
f 786/356/829 785/354/829 800/360/829 801/363/829
f 794/357/830 793/355/830 808/362/830 809/364/830
f 787/358/831 786/356/831 801/363/831 802/365/831
f 795/342/832 794/357/832 809/364/832 810/366/832
f 788/344/833 787/358/833 802/365/833 803/367/833
f 796/343/834 795/342/834 810/366/834 811/368/834
f 789/345/835 788/344/835 803/367/835 804/369/835
f 782/347/836 519/370/836 797/371/836
f 526/372/837 796/343/837 811/368/837
f 790/349/838 789/345/838 804/369/838 805/373/838
f 783/350/839 782/347/839 797/371/839 798/374/839
f 791/351/840 790/349/840 805/373/840 806/375/840
f 803/367/841 802/365/841 817/391/841 818/376/841
f 811/368/842 810/366/842 825/392/842 826/381/842
f 804/369/843 803/367/843 818/376/843 819/377/843
f 797/371/844 519/378/844 812/379/844
f 526/380/845 811/368/845 826/381/845
f 805/373/846 804/369/846 819/377/846 820/382/846
f 798/374/847 797/371/847 812/379/847 813/383/847
f 806/375/848 805/373/848 820/382/848 821/384/848
f 799/359/849 798/374/849 813/383/849 814/385/849
f 807/361/850 806/375/850 821/384/850 822/386/850
f 800/360/851 799/359/851 814/385/851 815/387/851
f 808/362/852 807/361/852 822/386/852 823/388/852
f 801/363/853 800/360/853 815/387/853 816/389/853
f 809/364/854 808/362/854 823/388/854 824/390/854
f 802/365/855 801/363/855 816/389/855 817/391/855
f 810/366/856 809/364/856 824/390/856 825/392/856
f 822/386/857 821/384/857 836/408/857 837/393/857
f 815/387/858 814/385/858 829/409/858 830/395/858
f 823/388/859 822/386/859 837/393/859 838/394/859
f 816/389/860 815/387/860 830/395/860 831/396/860
f 824/390/861 823/388/861 838/394/861 839/397/861
f 817/391/862 816/389/862 831/396/862 832/398/862
f 825/392/863 824/390/863 839/397/863 840/399/863
f 818/376/864 817/391/864 832/398/864 833/400/864
f 826/381/865 825/392/865 840/399/865 841/401/865
f 819/377/866 818/376/866 833/400/866 834/402/866
f 812/379/867 519/403/867 827/404/867
f 526/405/868 826/381/868 841/401/868
f 820/382/869 819/377/869 834/402/869 835/406/869
f 813/383/870 812/379/870 827/404/870 828/407/870
f 821/384/871 820/382/871 835/406/871 836/408/871
f 814/385/872 813/383/872 828/407/872 829/409/872
f 841/401/873 840/399/873 855/424/873 856/411/873
f 834/402/874 833/400/874 848/425/874 849/412/874
f 827/404/875 519/426/875 842/414/875
f 526/410/876 841/401/876 856/411/876
f 835/406/877 834/402/877 849/412/877 850/413/877
f 828/407/878 827/404/878 842/414/878 843/415/878
f 836/408/879 835/406/879 850/413/879 851/416/879
f 829/409/880 828/407/880 843/415/880 844/417/880
f 837/393/881 836/408/881 851/416/881 852/418/881
f 830/395/882 829/409/882 844/417/882 845/419/882
f 838/394/883 837/393/883 852/418/883 853/420/883
f 831/396/884 830/395/884 845/419/884 846/421/884
f 839/397/885 838/394/885 853/420/885 854/422/885
f 832/398/886 831/396/886 846/421/886 847/423/886
f 840/399/887 839/397/887 854/422/887 855/424/887
f 833/400/888 832/398/888 847/423/888 848/425/888
f 845/419/889 844/417/889 859/441/889 860/443/889
f 853/420/890 852/418/890 867/442/890 868/427/890
f 846/421/891 845/419/891 860/443/891 861/429/891
f 854/422/892 853/420/892 868/427/892 869/428/892
f 847/423/893 846/421/893 861/429/893 862/430/893
f 855/424/894 854/422/894 869/428/894 870/431/894
f 848/425/895 847/423/895 862/430/895 863/432/895
f 856/411/896 855/424/896 870/431/896 871/433/896
f 849/412/897 848/425/897 863/432/897 864/434/897
f 842/414/898 519/435/898 857/436/898
f 526/437/899 856/411/899 871/433/899
f 850/413/900 849/412/900 864/434/900 865/438/900
f 843/415/901 842/414/901 857/436/901 858/439/901
f 851/416/902 850/413/902 865/438/902 866/440/902
f 844/417/903 843/415/903 858/439/903 859/441/903
f 852/418/904 851/416/904 866/440/904 867/442/904
f 864/434/905 863/432/905 878/455/905 879/17/905
f 857/436/906 519/457/906 872/444/906
f 526/458/907 871/433/907 886/456/907
f 865/438/908 864/434/908 879/17/908 880/446/908
f 858/439/909 857/436/909 872/444/909 873/445/909
f 866/440/910 865/438/910 880/446/910 881/447/910
f 859/441/911 858/439/911 873/445/911 874/448/911
f 867/442/912 866/440/912 881/447/912 882/449/912
f 860/443/913 859/441/913 874/448/913 875/450/913
f 868/427/914 867/442/914 882/449/914 883/11/914
f 861/429/915 860/443/915 875/450/915 876/451/915
f 869/428/916 868/427/916 883/11/916 884/452/916
f 862/430/917 861/429/917 876/451/917 877/453/917
f 870/431/918 869/428/918 884/452/918 885/454/918
f 863/432/919 862/430/919 877/453/919 878/455/919
f 871/433/920 870/431/920 885/454/920 886/456/920
f 883/32/921 882/484/921 897/485/921 898/488/921
f 876/460/922 875/486/922 890/487/922 891/461/922
f 884/464/923 883/32/923 898/488/923 899/465/923
f 877/459/924 876/460/924 891/461/924 892/462/924
f 885/463/925 884/464/925 899/465/925 900/466/925
f 878/467/926 877/459/926 892/462/926 893/468/926
f 886/469/927 885/463/927 900/466/927 901/470/927
f 879/35/928 878/467/928 893/468/928 894/471/928
f 872/472/929 519/473/929 887/474/929
f 526/475/930 886/469/930 901/470/930
f 880/476/931 879/35/931 894/471/931 895/477/931
f 873/478/932 872/472/932 887/474/932 888/479/932
f 881/480/933 880/476/933 895/477/933 896/481/933
f 874/482/934 873/478/934 888/479/934 889/483/934
f 882/484/935 881/480/935 896/481/935 897/485/935
f 875/486/936 874/482/936 889/483/936 890/487/936
f 526/505/937 901/470/937 916/501/937
f 895/477/938 894/471/938 909/502/938 910/489/938
f 888/479/939 887/474/939 902/504/939 903/491/939
f 896/481/940 895/477/940 910/489/940 911/490/940
f 889/483/941 888/479/941 903/491/941 904/492/941
f 897/485/942 896/481/942 911/490/942 912/493/942
f 890/487/943 889/483/943 904/492/943 905/494/943
f 898/488/944 897/485/944 912/493/944 913/495/944
f 891/461/945 890/487/945 905/494/945 906/496/945
f 899/465/946 898/488/946 913/495/946 914/497/946
f 892/462/947 891/461/947 906/496/947 907/498/947
f 900/466/948 899/465/948 914/497/948 915/499/948
f 893/468/949 892/462/949 907/498/949 908/500/949
f 901/470/950 900/466/950 915/499/950 916/501/950
f 894/471/951 893/468/951 908/500/951 909/502/951
f 887/474/952 519/503/952 902/504/952
f 914/497/953 913/495/953 928/521/953 929/506/953
f 907/498/954 906/496/954 921/522/954 922/508/954
f 915/499/955 914/497/955 929/506/955 930/507/955
f 908/500/956 907/498/956 922/508/956 923/509/956
f 916/501/957 915/499/957 930/507/957 931/510/957
f 909/502/958 908/500/958 923/509/958 924/511/958
f 902/504/959 519/512/959 917/513/959
f 526/514/960 916/501/960 931/510/960
f 910/489/961 909/502/961 924/511/961 925/515/961
f 903/491/962 902/504/962 917/513/962 918/516/962
f 911/490/963 910/489/963 925/515/963 926/517/963
f 904/492/964 903/491/964 918/516/964 919/518/964
f 912/493/965 911/490/965 926/517/965 927/519/965
f 905/494/966 904/492/966 919/518/966 920/520/966
f 913/495/967 912/493/967 927/519/967 928/521/967
f 906/496/968 905/494/968 920/520/968 921/522/968
f 918/516/969 917/513/969 932/537/969 933/523/969
f 926/517/970 925/515/970 940/539/970 941/525/970
f 919/518/971 918/516/971 933/523/971 934/524/971
f 927/519/972 926/517/972 941/525/972 942/526/972
f 920/520/973 919/518/973 934/524/973 935/527/973
f 928/521/974 927/519/974 942/526/974 943/528/974
f 921/522/975 920/520/975 935/527/975 936/529/975
f 929/506/976 928/521/976 943/528/976 944/530/976
f 922/508/977 921/522/977 936/529/977 937/531/977
f 930/507/978 929/506/978 944/530/978 945/532/978
f 923/509/979 922/508/979 937/531/979 938/533/979
f 931/510/980 930/507/980 945/532/980 946/534/980
f 924/511/981 923/509/981 938/533/981 939/535/981
f 917/513/982 519/536/982 932/537/982
f 526/538/983 931/510/983 946/534/983
f 925/515/984 924/511/984 939/535/984 940/539/984
f 937/531/985 936/529/985 951/555/985 952/540/985
f 945/532/986 944/530/986 959/556/986 960/542/986
f 938/533/987 937/531/987 952/540/987 953/541/987
f 946/534/988 945/532/988 960/542/988 961/543/988
f 939/535/989 938/533/989 953/541/989 954/544/989
f 932/537/990 519/545/990 947/546/990
f 526/547/991 946/534/991 961/543/991
f 940/539/992 939/535/992 954/544/992 955/548/992
f 933/523/993 932/537/993 947/546/993 948/549/993
f 941/525/994 940/539/994 955/548/994 956/550/994
f 934/524/995 933/523/995 948/549/995 949/551/995
f 942/526/996 941/525/996 956/550/996 957/552/996
f 935/527/997 934/524/997 949/551/997 950/553/997
f 943/528/998 942/526/998 957/552/998 958/554/998
f 936/529/999 935/527/999 950/553/999 951/555/999
f 944/530/1000 943/528/1000 958/554/1000 959/556/1000
f 956/550/1001 955/548/1001 970/572/1001 971/557/1001
f 949/551/1002 948/549/1002 963/573/1002 964/559/1002
f 957/552/1003 956/550/1003 971/557/1003 972/558/1003
f 950/553/1004 949/551/1004 964/559/1004 965/560/1004
f 958/554/1005 957/552/1005 972/558/1005 973/561/1005
f 951/555/1006 950/553/1006 965/560/1006 966/562/1006
f 959/556/1007 958/554/1007 973/561/1007 974/563/1007
f 952/540/1008 951/555/1008 966/562/1008 967/564/1008
f 960/542/1009 959/556/1009 974/563/1009 975/565/1009
f 953/541/1010 952/540/1010 967/564/1010 968/566/1010
f 961/543/1011 960/542/1011 975/565/1011 976/567/1011
f 954/544/1012 953/541/1012 968/566/1012 969/568/1012
f 947/546/1013 519/569/1013 962/570/1013
f 526/571/1014 961/543/1014 976/567/1014
f 955/548/1015 954/544/1015 969/568/1015 970/572/1015
f 948/549/1016 947/546/1016 962/570/1016 963/573/1016
f 975/565/1017 974/563/1017 989/589/1017 990/574/1017
f 968/566/1018 967/564/1018 982/590/1018 983/576/1018
f 976/567/1019 975/565/1019 990/574/1019 991/575/1019
f 969/568/1020 968/566/1020 983/576/1020 984/577/1020
f 962/570/1021 519/578/1021 977/579/1021
f 526/580/1022 976/567/1022 991/575/1022
f 970/572/1023 969/568/1023 984/577/1023 985/581/1023
f 963/573/1024 962/570/1024 977/579/1024 978/582/1024
f 971/557/1025 970/572/1025 985/581/1025 986/583/1025
f 964/559/1026 963/573/1026 978/582/1026 979/584/1026
f 972/558/1027 971/557/1027 986/583/1027 987/585/1027
f 965/560/1028 964/559/1028 979/584/1028 980/586/1028
f 973/561/1029 972/558/1029 987/585/1029 988/587/1029
f 966/562/1030 965/560/1030 980/586/1030 981/588/1030
f 974/563/1031 973/561/1031 988/587/1031 989/589/1031
f 967/564/1032 966/562/1032 981/588/1032 982/590/1032
f 979/584/1033 978/582/1033 993/68/1033 520/41/1033
f 987/585/1034 986/583/1034 996/70/1034 525/45/1034
f 980/586/1035 979/584/1035 520/41/1035 994/40/1035
f 988/587/1036 987/585/1036 525/45/1036 997/44/1036
f 981/588/1037 980/586/1037 994/40/1037 521/48/1037
f 989/589/1038 988/587/1038 997/44/1038 998/50/1038
f 982/590/1039 981/588/1039 521/48/1039 995/52/1039
f 990/574/1040 989/589/1040 998/50/1040 999/54/1040
f 983/576/1041 982/590/1041 995/52/1041 522/56/1041
f 991/575/1042 990/574/1042 999/54/1042 1000/58/1042
f 984/577/1043 983/576/1043 522/56/1043 523/60/1043
f 977/579/1044 519/591/1044 992/62/1044
f 526/592/1045 991/575/1045 1000/58/1045
f 985/581/1046 984/577/1046 523/60/1046 524/66/1046
f 978/582/1047 977/579/1047 992/62/1047 993/68/1047
f 986/583/1048 985/581/1048 524/66/1048 996/70/1048
f 1478/70/537 1006/66/537 1017/67/537 1018/71/537
f 1002/41/538 1475/68/538 1010/69/538 1011/42/538
f 1007/45/539 1478/70/539 1018/71/539 1019/46/539
f 1476/40/540 1002/41/540 1011/42/540 1012/43/540
f 1479/44/541 1007/45/541 1019/46/541 1020/47/541
f 1003/48/542 1476/40/542 1012/43/542 1013/49/542
f 1480/50/543 1479/44/543 1020/47/543 1021/51/543
f 1477/52/544 1003/48/544 1013/49/544 1014/53/544
f 1481/54/545 1480/50/545 1021/51/545 1022/55/545
f 1004/56/546 1477/52/546 1014/53/546 1015/57/546
f 1482/58/547 1481/54/547 1022/55/547 1023/59/547
f 1005/60/1049 1004/56/1049 1015/57/1049 1016/61/1049
f 1474/62/549 1001/63/549 1009/64/549
f 1008/65/550 1482/58/550 1023/59/550
f 1006/66/1050 1005/60/1050 1016/61/1050 1017/67/1050
f 1475/68/1051 1474/62/1051 1009/64/1051 1010/69/1051
f 1017/67/553 1016/61/553 1031/85/553 1032/72/553
f 1010/69/554 1009/64/554 1024/87/554 1025/74/554
f 1018/71/555 1017/67/555 1032/72/555 1033/73/555
f 1011/42/556 1010/69/556 1025/74/556 1026/75/556
f 1019/46/557 1018/71/557 1033/73/557 1034/76/557
f 1012/43/558 1011/42/558 1026/75/558 1027/77/558
f 1020/47/559 1019/46/559 1034/76/559 1035/78/559
f 1013/49/560 1012/43/560 1027/77/560 1028/79/560
f 1021/51/561 1020/47/561 1035/78/561 1036/80/561
f 1014/53/562 1013/49/562 1028/79/562 1029/81/562
f 1022/55/563 1021/51/563 1036/80/563 1037/82/563
f 1015/57/564 1014/53/564 1029/81/564 1030/83/564
f 1023/59/565 1022/55/565 1037/82/565 1038/84/565
f 1016/61/566 1015/57/566 1030/83/566 1031/85/566
f 1009/64/567 1001/86/567 1024/87/567
f 1008/88/568 1023/59/568 1038/84/568
f 1036/80/569 1035/78/569 1050/104/569 1051/89/569
f 1029/81/570 1028/79/570 1043/105/570 1044/91/570
f 1037/82/571 1036/80/571 1051/89/571 1052/90/571
f 1030/83/572 1029/81/572 1044/91/572 1045/92/572
f 1038/84/573 1037/82/573 1052/90/573 1053/93/573
f 1031/85/574 1030/83/574 1045/92/574 1046/94/574
f 1024/87/575 1001/95/575 1039/96/575
f 1008/97/576 1038/84/576 1053/93/576
f 1032/72/577 1031/85/577 1046/94/577 1047/98/577
f 1025/74/578 1024/87/578 1039/96/578 1040/99/578
f 1033/73/579 1032/72/579 1047/98/579 1048/100/579
f 1026/75/1052 1025/74/1052 1040/99/1052 1041/101/1052
f 1034/76/581 1033/73/581 1048/100/581 1049/102/581
f 1027/77/582 1026/75/582 1041/101/582 1042/103/582
f 1035/78/583 1034/76/583 1049/102/583 1050/104/583
f 1028/79/584 1027/77/584 1042/103/584 1043/105/584
f 1040/99/585 1039/96/585 1054/119/585 1055/122/585
f 1048/100/586 1047/98/586 1062/121/586 1063/106/586
f 1041/101/587 1040/99/587 1055/122/587 1056/108/587
f 1049/102/588 1048/100/588 1063/106/588 1064/107/588
f 1042/103/589 1041/101/589 1056/108/589 1057/109/589
f 1050/104/590 1049/102/590 1064/107/590 1065/110/590
f 1043/105/591 1042/103/591 1057/109/591 1058/111/591
f 1051/89/592 1050/104/592 1065/110/592 1066/112/592
f 1044/91/593 1043/105/593 1058/111/593 1059/113/593
f 1052/90/594 1051/89/594 1066/112/594 1067/114/594
f 1045/92/595 1044/91/595 1059/113/595 1060/115/595
f 1053/93/596 1052/90/596 1067/114/596 1068/116/596
f 1046/94/597 1045/92/597 1060/115/597 1061/117/597
f 1039/96/598 1001/118/598 1054/119/598
f 1008/120/599 1053/93/599 1068/116/599
f 1047/98/600 1046/94/600 1061/117/600 1062/121/600
f 1059/113/601 1058/111/601 1073/137/601 1074/139/601
f 1067/114/602 1066/112/602 1081/138/602 1082/123/602
f 1060/115/603 1059/113/603 1074/139/603 1075/125/603
f 1068/116/1053 1067/114/1053 1082/123/1053 1083/124/1053
f 1061/117/1054 1060/115/1054 1075/125/1054 1076/126/1054
f 1054/119/606 1001/127/606 1069/128/606
f 1008/129/607 1068/116/607 1083/124/607
f 1062/121/1055 1061/117/1055 1076/126/1055 1077/130/1055
f 1055/122/609 1054/119/609 1069/128/609 1070/131/609
f 1063/106/610 1062/121/610 1077/130/610 1078/132/610
f 1056/108/611 1055/122/611 1070/131/611 1071/133/611
f 1064/107/612 1063/106/612 1078/132/612 1079/134/612
f 1057/109/613 1056/108/613 1071/133/613 1072/135/613
f 1065/110/614 1064/107/614 1079/134/614 1080/136/614
f 1058/111/615 1057/109/615 1072/135/615 1073/137/615
f 1066/112/616 1065/110/616 1080/136/616 1081/138/616
f 1078/132/617 1077/130/617 1092/154/617 1093/156/617
f 1071/133/618 1070/131/618 1085/155/618 1086/140/618
f 1079/134/619 1078/132/619 1093/156/619 1094/142/619
f 1072/135/620 1071/133/620 1086/140/620 1087/141/620
f 1080/136/621 1079/134/621 1094/142/621 1095/143/621
f 1073/137/622 1072/135/622 1087/141/622 1088/144/622
f 1081/138/623 1080/136/623 1095/143/623 1096/145/623
f 1074/139/624 1073/137/624 1088/144/624 1089/146/624
f 1082/123/1056 1081/138/1056 1096/145/1056 1097/147/1056
f 1075/125/626 1074/139/626 1089/146/626 1090/148/626
f 1083/124/627 1082/123/627 1097/147/627 1098/149/627
f 1076/126/1057 1075/125/1057 1090/148/1057 1091/150/1057
f 1069/128/1058 1001/151/1058 1084/152/1058
f 1008/153/630 1083/124/630 1098/149/630
f 1077/130/1059 1076/126/1059 1091/150/1059 1092/154/1059
f 1070/131/632 1069/128/632 1084/152/632 1085/155/632
f 1097/147/633 1096/145/633 1111/171/633 1112/173/633
f 1090/148/634 1089/146/634 1104/172/634 1105/157/634
f 1098/149/635 1097/147/635 1112/173/635 1113/162/635
f 1091/150/636 1090/148/636 1105/157/636 1106/158/636
f 1084/152/637 1001/159/637 1099/160/637
f 1008/161/638 1098/149/638 1113/162/638
f 1092/154/639 1091/150/639 1106/158/639 1107/163/639
f 1085/155/640 1084/152/640 1099/160/640 1100/164/640
f 1093/156/641 1092/154/641 1107/163/641 1108/165/641
f 1086/140/642 1085/155/642 1100/164/642 1101/166/642
f 1094/142/643 1093/156/643 1108/165/643 1109/167/643
f 1087/141/644 1086/140/644 1101/166/644 1102/168/644
f 1095/143/645 1094/142/645 1109/167/645 1110/169/645
f 1088/144/646 1087/141/646 1102/168/646 1103/170/646
f 1096/145/647 1095/143/647 1110/169/647 1111/171/647
f 1089/146/648 1088/144/648 1103/170/648 1104/172/648
f 1109/167/649 1108/165/649 1123/187/649 1124/174/649
f 1102/168/650 1101/166/650 1116/188/650 1117/24/650
f 1110/169/651 1109/167/651 1124/174/651 1125/12/651
f 1103/170/652 1102/168/652 1117/24/652 1118/175/652
f 1111/171/653 1110/169/653 1125/12/653 1126/176/653
f 1104/172/654 1103/170/654 1118/175/654 1119/177/654
f 1112/173/655 1111/171/655 1126/176/655 1127/178/655
f 1105/157/656 1104/172/656 1119/177/656 1120/179/656
f 1113/162/657 1112/173/657 1127/178/657 1128/180/657
f 1106/158/658 1105/157/658 1120/179/658 1121/181/658
f 1099/160/659 1001/182/659 1114/183/659
f 1008/184/660 1113/162/660 1128/180/660
f 1107/163/1060 1106/158/1060 1121/181/1060 1122/185/1060
f 1100/164/1061 1099/160/1061 1114/183/1061 1115/186/1061
f 1108/165/663 1107/163/663 1122/185/663 1123/187/663
f 1101/166/664 1100/164/664 1115/186/664 1116/188/664
f 1128/180/665 1127/178/665 1142/204/665 1143/192/665
f 1121/181/666 1120/179/666 1135/205/666 1136/193/666
f 1114/183/667 1001/189/667 1129/190/667
f 1008/191/668 1128/180/668 1143/192/668
f 1122/185/669 1121/181/669 1136/193/669 1137/194/669
f 1115/186/670 1114/183/670 1129/190/670 1130/195/670
f 1123/187/671 1122/185/671 1137/194/671 1138/196/671
f 1116/188/672 1115/186/672 1130/195/672 1131/197/672
f 1124/174/673 1123/187/673 1138/196/673 1139/198/673
f 1117/24/674 1116/188/674 1131/197/674 1132/199/674
f 1125/12/675 1124/174/675 1139/198/675 1140/200/675
f 1118/175/676 1117/24/676 1132/199/676 1133/201/676
f 1126/176/677 1125/12/677 1140/200/677 1141/202/677
f 1119/177/678 1118/175/678 1133/201/678 1134/203/678
f 1127/178/679 1126/176/679 1141/202/679 1142/204/679
f 1120/179/680 1119/177/680 1134/203/680 1135/205/680
f 1132/199/681 1131/197/681 1146/221/681 1147/206/681
f 1140/200/682 1139/198/682 1154/222/682 1155/208/682
f 1133/201/683 1132/199/683 1147/206/683 1148/207/683
f 1141/202/684 1140/200/684 1155/208/684 1156/209/684
f 1134/203/685 1133/201/685 1148/207/685 1149/210/685
f 1142/204/686 1141/202/686 1156/209/686 1157/211/686
f 1135/205/687 1134/203/687 1149/210/687 1150/212/687
f 1143/192/688 1142/204/688 1157/211/688 1158/213/688
f 1136/193/689 1135/205/689 1150/212/689 1151/214/689
f 1129/190/690 1001/215/690 1144/216/690
f 1008/217/691 1143/192/691 1158/213/691
f 1137/194/692 1136/193/692 1151/214/692 1152/218/692
f 1130/195/693 1129/190/693 1144/216/693 1145/219/693
f 1138/196/694 1137/194/694 1152/218/694 1153/220/694
f 1131/197/695 1130/195/695 1145/219/695 1146/221/695
f 1139/198/696 1138/196/696 1153/220/696 1154/222/696
f 1151/214/697 1150/212/697 1165/236/697 1166/223/697
f 1144/216/698 1001/238/698 1159/225/698
f 1008/239/699 1158/213/699 1173/237/699
f 1152/218/700 1151/214/700 1166/223/700 1167/224/700
f 1145/219/701 1144/216/701 1159/225/701 1160/226/701
f 1153/220/702 1152/218/702 1167/224/702 1168/227/702
f 1146/221/1062 1145/219/1062 1160/226/1062 1161/228/1062
f 1154/222/704 1153/220/704 1168/227/704 1169/229/704
f 1147/206/705 1146/221/705 1161/228/705 1162/230/705
f 1155/208/706 1154/222/706 1169/229/706 1170/231/706
f 1148/207/707 1147/206/707 1162/230/707 1163/232/707
f 1156/209/708 1155/208/708 1170/231/708 1171/233/708
f 1149/210/709 1148/207/709 1163/232/709 1164/234/709
f 1157/211/710 1156/209/710 1171/233/710 1172/235/710
f 1150/212/711 1149/210/711 1164/234/711 1165/236/711
f 1158/213/712 1157/211/712 1172/235/712 1173/237/712
f 1170/231/713 1169/229/713 1184/255/713 1185/240/713
f 1163/232/714 1162/230/714 1177/256/714 1178/242/714
f 1171/233/715 1170/231/715 1185/240/715 1186/241/715
f 1164/234/716 1163/232/716 1178/242/716 1179/243/716
f 1172/235/717 1171/233/717 1186/241/717 1187/244/717
f 1165/236/718 1164/234/718 1179/243/718 1180/245/718
f 1173/237/719 1172/235/719 1187/244/719 1188/246/719
f 1166/223/720 1165/236/720 1180/245/720 1181/247/720
f 1159/225/721 1001/248/721 1174/249/721
f 1008/250/722 1173/237/722 1188/246/722
f 1167/224/723 1166/223/723 1181/247/723 1182/251/723
f 1160/226/724 1159/225/724 1174/249/724 1175/252/724
f 1168/227/725 1167/224/725 1182/251/725 1183/253/725
f 1161/228/726 1160/226/726 1175/252/726 1176/254/726
f 1169/229/727 1168/227/727 1183/253/727 1184/255/727
f 1162/230/728 1161/228/728 1176/254/728 1177/256/728
f 1174/249/729 1001/271/729 1189/272/729
f 1008/273/730 1188/246/730 1203/269/730
f 1182/251/731 1181/247/731 1196/270/731 1197/257/731
f 1175/252/732 1174/249/732 1189/272/732 1190/259/732
f 1183/253/733 1182/251/733 1197/257/733 1198/258/733
f 1176/254/734 1175/252/734 1190/259/734 1191/260/734
f 1184/255/735 1183/253/735 1198/258/735 1199/261/735
f 1177/256/736 1176/254/736 1191/260/736 1192/262/736
f 1185/240/737 1184/255/737 1199/261/737 1200/263/737
f 1178/242/738 1177/256/738 1192/262/738 1193/264/738
f 1186/241/739 1185/240/739 1200/263/739 1201/265/739
f 1179/243/740 1178/242/740 1193/264/740 1194/266/740
f 1187/244/741 1186/241/741 1201/265/741 1202/267/741
f 1180/245/742 1179/243/742 1194/266/742 1195/268/742
f 1188/246/743 1187/244/743 1202/267/743 1203/269/743
f 1181/247/744 1180/245/744 1195/268/744 1196/270/744
f 1193/264/745 1192/262/745 1207/288/745 1208/290/745
f 1201/265/746 1200/263/746 1215/289/746 1216/274/746
f 1194/266/747 1193/264/747 1208/290/747 1209/276/747
f 1202/267/748 1201/265/748 1216/274/748 1217/275/748
f 1195/268/749 1194/266/749 1209/276/749 1210/277/749
f 1203/269/750 1202/267/750 1217/275/750 1218/278/750
f 1196/270/751 1195/268/751 1210/277/751 1211/279/751
f 1189/272/752 1001/280/752 1204/281/752
f 1008/282/753 1203/269/753 1218/278/753
f 1197/257/754 1196/270/754 1211/279/754 1212/283/754
f 1190/259/755 1189/272/755 1204/281/755 1205/284/755
f 1198/258/756 1197/257/756 1212/283/756 1213/285/756
f 1191/260/757 1190/259/757 1205/284/757 1206/286/757
f 1199/261/758 1198/258/758 1213/285/758 1214/287/758
f 1192/262/759 1191/260/759 1206/286/759 1207/288/759
f 1200/263/760 1199/261/760 1214/287/760 1215/289/760
f 1212/283/761 1211/279/761 1226/303/761 1227/307/761
f 1205/284/762 1204/281/762 1219/305/762 1220/291/762
f 1213/285/763 1212/283/763 1227/307/763 1228/293/763
f 1206/286/764 1205/284/764 1220/291/764 1221/292/764
f 1214/287/765 1213/285/765 1228/293/765 1229/294/765
f 1207/288/766 1206/286/766 1221/292/766 1222/295/766
f 1215/289/767 1214/287/767 1229/294/767 1230/296/767
f 1208/290/768 1207/288/768 1222/295/768 1223/297/768
f 1216/274/769 1215/289/769 1230/296/769 1231/298/769
f 1209/276/770 1208/290/770 1223/297/770 1224/299/770
f 1217/275/771 1216/274/771 1231/298/771 1232/300/771
f 1210/277/772 1209/276/772 1224/299/772 1225/301/772
f 1218/278/773 1217/275/773 1232/300/773 1233/302/773
f 1211/279/774 1210/277/774 1225/301/774 1226/303/774
f 1204/281/775 1001/304/775 1219/305/775
f 1008/306/776 1218/278/776 1233/302/776
f 1231/298/777 1230/296/777 1245/322/777 1246/324/777
f 1224/299/778 1223/297/778 1238/323/778 1239/308/778
f 1232/300/779 1231/298/779 1246/324/779 1247/310/779
f 1225/301/780 1224/299/780 1239/308/780 1240/309/780
f 1233/302/781 1232/300/781 1247/310/781 1248/311/781
f 1226/303/782 1225/301/782 1240/309/782 1241/312/782
f 1219/305/1063 1001/313/1063 1234/314/1063
f 1008/315/784 1233/302/784 1248/311/784
f 1227/307/785 1226/303/785 1241/312/785 1242/316/785
f 1220/291/786 1219/305/786 1234/314/786 1235/317/786
f 1228/293/787 1227/307/787 1242/316/787 1243/318/787
f 1221/292/788 1220/291/788 1235/317/788 1236/319/788
f 1229/294/789 1228/293/789 1243/318/789 1244/320/789
f 1222/295/790 1221/292/790 1236/319/790 1237/321/790
f 1230/296/791 1229/294/791 1244/320/791 1245/322/791
f 1223/297/792 1222/295/792 1237/321/792 1238/323/792
f 1243/318/793 1242/316/793 1257/340/793 1258/325/793
f 1236/319/794 1235/317/794 1250/341/794 1251/327/794
f 1244/320/795 1243/318/795 1258/325/795 1259/326/795
f 1237/321/796 1236/319/796 1251/327/796 1252/328/796
f 1245/322/797 1244/320/797 1259/326/797 1260/329/797
f 1238/323/798 1237/321/798 1252/328/798 1253/330/798
f 1246/324/799 1245/322/799 1260/329/799 1261/331/799
f 1239/308/800 1238/323/800 1253/330/800 1254/332/800
f 1247/310/801 1246/324/801 1261/331/801 1262/333/801
f 1240/309/802 1239/308/802 1254/332/802 1255/334/802
f 1248/311/803 1247/310/803 1262/333/803 1263/335/803
f 1241/312/804 1240/309/804 1255/334/804 1256/336/804
f 1234/314/1064 1001/337/1064 1249/338/1064
f 1008/339/806 1248/311/806 1263/335/806
f 1242/316/1065 1241/312/1065 1256/336/1065 1257/340/1065
f 1235/317/1066 1234/314/1066 1249/338/1066 1250/341/1066
f 1262/333/809 1261/331/809 1276/357/809 1277/342/809
f 1255/334/810 1254/332/810 1269/358/810 1270/344/810
f 1263/335/811 1262/333/811 1277/342/811 1278/343/811
f 1256/336/812 1255/334/812 1270/344/812 1271/345/812
f 1249/338/813 1001/346/813 1264/347/813
f 1008/348/814 1263/335/814 1278/343/814
f 1257/340/815 1256/336/815 1271/345/815 1272/349/815
f 1250/341/816 1249/338/816 1264/347/816 1265/350/816
f 1258/325/817 1257/340/817 1272/349/817 1273/351/817
f 1251/327/818 1250/341/818 1265/350/818 1266/352/818
f 1259/326/819 1258/325/819 1273/351/819 1274/353/819
f 1252/328/820 1251/327/820 1266/352/820 1267/354/820
f 1260/329/821 1259/326/821 1274/353/821 1275/355/821
f 1253/330/822 1252/328/822 1267/354/822 1268/356/822
f 1261/331/823 1260/329/823 1275/355/823 1276/357/823
f 1254/332/824 1253/330/824 1268/356/824 1269/358/824
f 1266/352/1067 1265/350/1067 1280/374/1067 1281/359/1067
f 1274/353/826 1273/351/826 1288/375/826 1289/361/826
f 1267/354/827 1266/352/827 1281/359/827 1282/360/827
f 1275/355/828 1274/353/828 1289/361/828 1290/362/828
f 1268/356/829 1267/354/829 1282/360/829 1283/363/829
f 1276/357/830 1275/355/830 1290/362/830 1291/364/830
f 1269/358/831 1268/356/831 1283/363/831 1284/365/831
f 1277/342/1068 1276/357/1068 1291/364/1068 1292/366/1068
f 1270/344/833 1269/358/833 1284/365/833 1285/367/833
f 1278/343/834 1277/342/834 1292/366/834 1293/368/834
f 1271/345/835 1270/344/835 1285/367/835 1286/369/835
f 1264/347/836 1001/370/836 1279/371/836
f 1008/372/837 1278/343/837 1293/368/837
f 1272/349/838 1271/345/838 1286/369/838 1287/373/838
f 1265/350/839 1264/347/839 1279/371/839 1280/374/839
f 1273/351/840 1272/349/840 1287/373/840 1288/375/840
f 1285/367/841 1284/365/841 1299/391/841 1300/376/841
f 1293/368/842 1292/366/842 1307/392/842 1308/381/842
f 1286/369/843 1285/367/843 1300/376/843 1301/377/843
f 1279/371/844 1001/378/844 1294/379/844
f 1008/380/845 1293/368/845 1308/381/845
f 1287/373/846 1286/369/846 1301/377/846 1302/382/846
f 1280/374/847 1279/371/847 1294/379/847 1295/383/847
f 1288/375/848 1287/373/848 1302/382/848 1303/384/848
f 1281/359/849 1280/374/849 1295/383/849 1296/385/849
f 1289/361/850 1288/375/850 1303/384/850 1304/386/850
f 1282/360/851 1281/359/851 1296/385/851 1297/387/851
f 1290/362/852 1289/361/852 1304/386/852 1305/388/852
f 1283/363/853 1282/360/853 1297/387/853 1298/389/853
f 1291/364/854 1290/362/854 1305/388/854 1306/390/854
f 1284/365/855 1283/363/855 1298/389/855 1299/391/855
f 1292/366/856 1291/364/856 1306/390/856 1307/392/856
f 1304/386/857 1303/384/857 1318/408/857 1319/393/857
f 1297/387/858 1296/385/858 1311/409/858 1312/395/858
f 1305/388/859 1304/386/859 1319/393/859 1320/394/859
f 1298/389/860 1297/387/860 1312/395/860 1313/396/860
f 1306/390/861 1305/388/861 1320/394/861 1321/397/861
f 1299/391/862 1298/389/862 1313/396/862 1314/398/862
f 1307/392/863 1306/390/863 1321/397/863 1322/399/863
f 1300/376/864 1299/391/864 1314/398/864 1315/400/864
f 1308/381/865 1307/392/865 1322/399/865 1323/401/865
f 1301/377/866 1300/376/866 1315/400/866 1316/402/866
f 1294/379/867 1001/403/867 1309/404/867
f 1008/405/868 1308/381/868 1323/401/868
f 1302/382/869 1301/377/869 1316/402/869 1317/406/869
f 1295/383/870 1294/379/870 1309/404/870 1310/407/870
f 1303/384/871 1302/382/871 1317/406/871 1318/408/871
f 1296/385/872 1295/383/872 1310/407/872 1311/409/872
f 1323/401/873 1322/399/873 1337/424/873 1338/411/873
f 1316/402/874 1315/400/874 1330/425/874 1331/412/874
f 1309/404/1069 1001/426/1069 1324/414/1069
f 1008/410/876 1323/401/876 1338/411/876
f 1317/406/877 1316/402/877 1331/412/877 1332/413/877
f 1310/407/878 1309/404/878 1324/414/878 1325/415/878
f 1318/408/879 1317/406/879 1332/413/879 1333/416/879
f 1311/409/1070 1310/407/1070 1325/415/1070 1326/417/1070
f 1319/393/881 1318/408/881 1333/416/881 1334/418/881
f 1312/395/882 1311/409/882 1326/417/882 1327/419/882
f 1320/394/883 1319/393/883 1334/418/883 1335/420/883
f 1313/396/884 1312/395/884 1327/419/884 1328/421/884
f 1321/397/885 1320/394/885 1335/420/885 1336/422/885
f 1314/398/886 1313/396/886 1328/421/886 1329/423/886
f 1322/399/1071 1321/397/1071 1336/422/1071 1337/424/1071
f 1315/400/888 1314/398/888 1329/423/888 1330/425/888
f 1327/419/889 1326/417/889 1341/441/889 1342/443/889
f 1335/420/890 1334/418/890 1349/442/890 1350/427/890
f 1328/421/891 1327/419/891 1342/443/891 1343/429/891
f 1336/422/892 1335/420/892 1350/427/892 1351/428/892
f 1329/423/893 1328/421/893 1343/429/893 1344/430/893
f 1337/424/894 1336/422/894 1351/428/894 1352/431/894
f 1330/425/895 1329/423/895 1344/430/895 1345/432/895
f 1338/411/896 1337/424/896 1352/431/896 1353/433/896
f 1331/412/897 1330/425/897 1345/432/897 1346/434/897
f 1324/414/898 1001/435/898 1339/436/898
f 1008/437/899 1338/411/899 1353/433/899
f 1332/413/900 1331/412/900 1346/434/900 1347/438/900
f 1325/415/901 1324/414/901 1339/436/901 1340/439/901
f 1333/416/902 1332/413/902 1347/438/902 1348/440/902
f 1326/417/903 1325/415/903 1340/439/903 1341/441/903
f 1334/418/904 1333/416/904 1348/440/904 1349/442/904
f 1346/434/905 1345/432/905 1360/455/905 1361/17/905
f 1339/436/1072 1001/457/1072 1354/444/1072
f 1008/458/907 1353/433/907 1368/456/907
f 1347/438/908 1346/434/908 1361/17/908 1362/446/908
f 1340/439/909 1339/436/909 1354/444/909 1355/445/909
f 1348/440/910 1347/438/910 1362/446/910 1363/447/910
f 1341/441/911 1340/439/911 1355/445/911 1356/448/911
f 1349/442/912 1348/440/912 1363/447/912 1364/449/912
f 1342/443/913 1341/441/913 1356/448/913 1357/450/913
f 1350/427/914 1349/442/914 1364/449/914 1365/11/914
f 1343/429/915 1342/443/915 1357/450/915 1358/451/915
f 1351/428/916 1350/427/916 1365/11/916 1366/452/916
f 1344/430/917 1343/429/917 1358/451/917 1359/453/917
f 1352/431/918 1351/428/918 1366/452/918 1367/454/918
f 1345/432/919 1344/430/919 1359/453/919 1360/455/919
f 1353/433/920 1352/431/920 1367/454/920 1368/456/920
f 1365/32/921 1364/484/921 1379/485/921 1380/488/921
f 1358/460/922 1357/486/922 1372/487/922 1373/461/922
f 1366/464/923 1365/32/923 1380/488/923 1381/465/923
f 1359/459/924 1358/460/924 1373/461/924 1374/462/924
f 1367/463/925 1366/464/925 1381/465/925 1382/466/925
f 1360/467/926 1359/459/926 1374/462/926 1375/468/926
f 1368/469/927 1367/463/927 1382/466/927 1383/470/927
f 1361/35/928 1360/467/928 1375/468/928 1376/471/928
f 1354/472/929 1001/473/929 1369/474/929
f 1008/475/930 1368/469/930 1383/470/930
f 1362/476/1073 1361/35/1073 1376/471/1073 1377/477/1073
f 1355/478/932 1354/472/932 1369/474/932 1370/479/932
f 1363/480/933 1362/476/933 1377/477/933 1378/481/933
f 1356/482/934 1355/478/934 1370/479/934 1371/483/934
f 1364/484/935 1363/480/935 1378/481/935 1379/485/935
f 1357/486/936 1356/482/936 1371/483/936 1372/487/936
f 1008/505/937 1383/470/937 1398/501/937
f 1377/477/938 1376/471/938 1391/502/938 1392/489/938
f 1370/479/939 1369/474/939 1384/504/939 1385/491/939
f 1378/481/940 1377/477/940 1392/489/940 1393/490/940
f 1371/483/941 1370/479/941 1385/491/941 1386/492/941
f 1379/485/942 1378/481/942 1393/490/942 1394/493/942
f 1372/487/943 1371/483/943 1386/492/943 1387/494/943
f 1380/488/944 1379/485/944 1394/493/944 1395/495/944
f 1373/461/945 1372/487/945 1387/494/945 1388/496/945
f 1381/465/946 1380/488/946 1395/495/946 1396/497/946
f 1374/462/947 1373/461/947 1388/496/947 1389/498/947
f 1382/466/948 1381/465/948 1396/497/948 1397/499/948
f 1375/468/949 1374/462/949 1389/498/949 1390/500/949
f 1383/470/950 1382/466/950 1397/499/950 1398/501/950
f 1376/471/951 1375/468/951 1390/500/951 1391/502/951
f 1369/474/952 1001/503/952 1384/504/952
f 1396/497/953 1395/495/953 1410/521/953 1411/506/953
f 1389/498/954 1388/496/954 1403/522/954 1404/508/954
f 1397/499/955 1396/497/955 1411/506/955 1412/507/955
f 1390/500/956 1389/498/956 1404/508/956 1405/509/956
f 1398/501/957 1397/499/957 1412/507/957 1413/510/957
f 1391/502/958 1390/500/958 1405/509/958 1406/511/958
f 1384/504/959 1001/512/959 1399/513/959
f 1008/514/960 1398/501/960 1413/510/960
f 1392/489/961 1391/502/961 1406/511/961 1407/515/961
f 1385/491/962 1384/504/962 1399/513/962 1400/516/962
f 1393/490/963 1392/489/963 1407/515/963 1408/517/963
f 1386/492/964 1385/491/964 1400/516/964 1401/518/964
f 1394/493/965 1393/490/965 1408/517/965 1409/519/965
f 1387/494/966 1386/492/966 1401/518/966 1402/520/966
f 1395/495/967 1394/493/967 1409/519/967 1410/521/967
f 1388/496/968 1387/494/968 1402/520/968 1403/522/968
f 1400/516/969 1399/513/969 1414/537/969 1415/523/969
f 1408/517/970 1407/515/970 1422/539/970 1423/525/970
f 1401/518/971 1400/516/971 1415/523/971 1416/524/971
f 1409/519/972 1408/517/972 1423/525/972 1424/526/972
f 1402/520/973 1401/518/973 1416/524/973 1417/527/973
f 1410/521/974 1409/519/974 1424/526/974 1425/528/974
f 1403/522/975 1402/520/975 1417/527/975 1418/529/975
f 1411/506/976 1410/521/976 1425/528/976 1426/530/976
f 1404/508/977 1403/522/977 1418/529/977 1419/531/977
f 1412/507/978 1411/506/978 1426/530/978 1427/532/978
f 1405/509/979 1404/508/979 1419/531/979 1420/533/979
f 1413/510/980 1412/507/980 1427/532/980 1428/534/980
f 1406/511/981 1405/509/981 1420/533/981 1421/535/981
f 1399/513/982 1001/536/982 1414/537/982
f 1008/538/983 1413/510/983 1428/534/983
f 1407/515/984 1406/511/984 1421/535/984 1422/539/984
f 1419/531/985 1418/529/985 1433/555/985 1434/540/985
f 1427/532/986 1426/530/986 1441/556/986 1442/542/986
f 1420/533/987 1419/531/987 1434/540/987 1435/541/987
f 1428/534/988 1427/532/988 1442/542/988 1443/543/988
f 1421/535/989 1420/533/989 1435/541/989 1436/544/989
f 1414/537/990 1001/545/990 1429/546/990
f 1008/547/991 1428/534/991 1443/543/991
f 1422/539/992 1421/535/992 1436/544/992 1437/548/992
f 1415/523/993 1414/537/993 1429/546/993 1430/549/993
f 1423/525/994 1422/539/994 1437/548/994 1438/550/994
f 1416/524/995 1415/523/995 1430/549/995 1431/551/995
f 1424/526/996 1423/525/996 1438/550/996 1439/552/996
f 1417/527/997 1416/524/997 1431/551/997 1432/553/997
f 1425/528/998 1424/526/998 1439/552/998 1440/554/998
f 1418/529/999 1417/527/999 1432/553/999 1433/555/999
f 1426/530/1000 1425/528/1000 1440/554/1000 1441/556/1000
f 1438/550/1001 1437/548/1001 1452/572/1001 1453/557/1001
f 1431/551/1002 1430/549/1002 1445/573/1002 1446/559/1002
f 1439/552/1003 1438/550/1003 1453/557/1003 1454/558/1003
f 1432/553/1004 1431/551/1004 1446/559/1004 1447/560/1004
f 1440/554/1005 1439/552/1005 1454/558/1005 1455/561/1005
f 1433/555/1006 1432/553/1006 1447/560/1006 1448/562/1006
f 1441/556/1007 1440/554/1007 1455/561/1007 1456/563/1007
f 1434/540/1008 1433/555/1008 1448/562/1008 1449/564/1008
f 1442/542/1009 1441/556/1009 1456/563/1009 1457/565/1009
f 1435/541/1010 1434/540/1010 1449/564/1010 1450/566/1010
f 1443/543/1011 1442/542/1011 1457/565/1011 1458/567/1011
f 1436/544/1012 1435/541/1012 1450/566/1012 1451/568/1012
f 1429/546/1013 1001/569/1013 1444/570/1013
f 1008/571/1014 1443/543/1014 1458/567/1014
f 1437/548/1015 1436/544/1015 1451/568/1015 1452/572/1015
f 1430/549/1074 1429/546/1074 1444/570/1074 1445/573/1074
f 1457/565/1017 1456/563/1017 1471/589/1017 1472/574/1017
f 1450/566/1018 1449/564/1018 1464/590/1018 1465/576/1018
f 1458/567/1019 1457/565/1019 1472/574/1019 1473/575/1019
f 1451/568/1020 1450/566/1020 1465/576/1020 1466/577/1020
f 1444/570/1021 1001/578/1021 1459/579/1021
f 1008/580/1022 1458/567/1022 1473/575/1022
f 1452/572/1023 1451/568/1023 1466/577/1023 1467/581/1023
f 1445/573/1024 1444/570/1024 1459/579/1024 1460/582/1024
f 1453/557/1025 1452/572/1025 1467/581/1025 1468/583/1025
f 1446/559/1026 1445/573/1026 1460/582/1026 1461/584/1026
f 1454/558/1027 1453/557/1027 1468/583/1027 1469/585/1027
f 1447/560/1028 1446/559/1028 1461/584/1028 1462/586/1028
f 1455/561/1029 1454/558/1029 1469/585/1029 1470/587/1029
f 1448/562/1030 1447/560/1030 1462/586/1030 1463/588/1030
f 1456/563/1031 1455/561/1031 1470/587/1031 1471/589/1031
f 1449/564/1032 1448/562/1032 1463/588/1032 1464/590/1032
f 1461/584/1033 1460/582/1033 1475/68/1033 1002/41/1033
f 1469/585/1034 1468/583/1034 1478/70/1034 1007/45/1034
f 1462/586/1035 1461/584/1035 1002/41/1035 1476/40/1035
f 1470/587/1036 1469/585/1036 1007/45/1036 1479/44/1036
f 1463/588/1037 1462/586/1037 1476/40/1037 1003/48/1037
f 1471/589/1038 1470/587/1038 1479/44/1038 1480/50/1038
f 1464/590/1039 1463/588/1039 1003/48/1039 1477/52/1039
f 1472/574/1040 1471/589/1040 1480/50/1040 1481/54/1040
f 1465/576/1041 1464/590/1041 1477/52/1041 1004/56/1041
f 1473/575/1042 1472/574/1042 1481/54/1042 1482/58/1042
f 1466/577/1043 1465/576/1043 1004/56/1043 1005/60/1043
f 1459/579/1044 1001/591/1044 1474/62/1044
f 1008/592/1045 1473/575/1045 1482/58/1045
f 1467/581/1046 1466/577/1046 1005/60/1046 1006/66/1046
f 1460/582/1047 1459/579/1047 1474/62/1047 1475/68/1047
f 1468/583/1048 1467/581/1048 1006/66/1048 1478/70/1048
usemtl Material.003
f 1555/1/1123 1567/2/1123 1578/3/1123 1566/4/1123
f 1556/5/1124 1568/6/1124 1567/7/1124 1555/8/1124
f 1557/9/1125 1569/10/1125 1568/6/1125 1556/5/1125
f 1558/11/1126 1570/12/1126 1569/10/1126 1557/9/1126
f 1559/13/1127 1571/14/1127 1570/12/1127 1558/11/1127
f 1560/15/1128 1572/16/1128 1571/14/1128 1559/13/1128
f 1561/17/1129 1573/18/1129 1572/16/1129 1560/15/1129
f 1562/19/1130 1574/20/1130 1573/18/1130 1561/17/1130
f 1563/21/1131 1575/22/1131 1574/20/1131 1562/19/1131
f 1564/23/1132 1576/24/1132 1575/22/1132 1563/21/1132
f 1565/25/1133 1577/26/1133 1576/24/1133 1564/23/1133
f 1566/4/1134 1578/3/1134 1577/26/1134 1565/25/1134
f 1567/2/1135 1579/27/1135 1590/28/1135 1578/3/1135
f 1568/6/1136 1580/29/1136 1579/30/1136 1567/7/1136
f 1569/10/1137 1581/31/1137 1580/29/1137 1568/6/1137
f 1570/12/1138 1582/32/1138 1581/31/1138 1569/10/1138
f 1571/14/1139 1583/33/1139 1582/32/1139 1570/12/1139
f 1572/16/1140 1584/34/1140 1583/33/1140 1571/14/1140
f 1573/18/1141 1585/35/1141 1584/34/1141 1572/16/1141
f 1574/20/1142 1586/36/1142 1585/35/1142 1573/18/1142
f 1575/22/1143 1587/37/1143 1586/36/1143 1574/20/1143
f 1576/24/1144 1588/38/1144 1587/37/1144 1575/22/1144
f 1577/26/1145 1589/39/1145 1588/38/1145 1576/24/1145
f 1578/3/1146 1590/28/1146 1589/39/1146 1577/26/1146
f 1591/1/1147 1603/2/1147 1614/3/1147 1602/4/1147
f 1592/5/1148 1604/6/1148 1603/7/1148 1591/8/1148
f 1593/9/1149 1605/10/1149 1604/6/1149 1592/5/1149
f 1594/11/1150 1606/12/1150 1605/10/1150 1593/9/1150
f 1595/13/1151 1607/14/1151 1606/12/1151 1594/11/1151
f 1596/15/1152 1608/16/1152 1607/14/1152 1595/13/1152
f 1597/17/1153 1609/18/1153 1608/16/1153 1596/15/1153
f 1598/19/1154 1610/20/1154 1609/18/1154 1597/17/1154
f 1599/21/1155 1611/22/1155 1610/20/1155 1598/19/1155
f 1600/23/1156 1612/24/1156 1611/22/1156 1599/21/1156
f 1601/25/1157 1613/26/1157 1612/24/1157 1600/23/1157
f 1602/4/1158 1614/3/1158 1613/26/1158 1601/25/1158
f 1603/2/1159 1615/27/1159 1626/28/1159 1614/3/1159
f 1604/6/1160 1616/29/1160 1615/30/1160 1603/7/1160
f 1605/10/1161 1617/31/1161 1616/29/1161 1604/6/1161
f 1606/12/1162 1618/32/1162 1617/31/1162 1605/10/1162
f 1607/14/1163 1619/33/1163 1618/32/1163 1606/12/1163
f 1608/16/1164 1620/34/1164 1619/33/1164 1607/14/1164
f 1609/18/1165 1621/35/1165 1620/34/1165 1608/16/1165
f 1610/20/1166 1622/36/1166 1621/35/1166 1609/18/1166
f 1611/22/1167 1623/37/1167 1622/36/1167 1610/20/1167
f 1612/24/1168 1624/38/1168 1623/37/1168 1611/22/1168
f 1613/26/1169 1625/39/1169 1624/38/1169 1612/24/1169
f 1614/3/1170 1626/28/1170 1625/39/1170 1613/26/1170
